Text,URL
,/pmwiki/pmwiki.php/ComicBook/LadyMechanika
Iron Man,/pmwiki/pmwiki.php/ComicBook/IronMan
Justice League,/pmwiki/pmwiki.php/ComicBook/JusticeLeague
Lady Mechanika,/pmwiki/pmwiki.php/ComicBook/LadyMechanika
Lady Rawhide,/pmwiki/pmwiki.php/ComicBook/LadyRawhide
submarines,/pmwiki/pmwiki.php/Literature/TwentyThousandLeaguesUnderTheSea
Neuromancer,/pmwiki/pmwiki.php/Literature/Neuromancer
Harry Potter,/pmwiki/pmwiki.php/Literature/HarryPotter
Wicked,/pmwiki/pmwiki.php/Theatre/Wicked
Mrs. Hawking,/pmwiki/pmwiki.php/Theatre/MrsHawking
Halloween Horror Nights,/pmwiki/pmwiki.php/Theatre/HalloweenHorrorNights
Twilight Histories,/pmwiki/pmwiki.php/Podcast/TwilightHistories
Kingmaker,/pmwiki/pmwiki.php/Podcast/Kingmaker
,/pmwiki/pmwiki.php/Film/LiliesOfTheField
film adaptation,/pmwiki/pmwiki.php/Film/TheLeagueOfExtraordinaryGentlemen
Wild Wild West,/pmwiki/pmwiki.php/Film/WildWildWest
The United Federation of Charles,/pmwiki/pmwiki.php/Blog/TheUnitedFederationOfCharles
The Other Wiki,/pmwiki/pmwiki.php/Website/TheOtherWiki
My Little Pony: Friendship Is Magic,/pmwiki/pmwiki.php/WesternAnimation/MyLittlePonyFriendshipIsMagic
Mixels,/pmwiki/pmwiki.php/WesternAnimation/Mixels
Mickey and friends,/pmwiki/pmwiki.php/WesternAnimation/ClassicDisneyShorts
Shikkoku no Sharnoth,/pmwiki/pmwiki.php/VisualNovel/ShikkokuNoSharnoth
Code:Realize,/pmwiki/pmwiki.php/VisualNovel/CodeRealize
Detective Hank and the Golden Sneeze,/pmwiki/pmwiki.php/VisualNovel/DetectiveHankAndTheGoldenSneeze
The Mare Who Once Lived On The Moon,/pmwiki/pmwiki.php/FanFic/TheMareWhoOnceLivedOnTheMoon
Rebuilt,/pmwiki/pmwiki.php/FanFic/Rebuilt
Doctor Who,/pmwiki/pmwiki.php/Series/DoctorWho
Castle,/pmwiki/pmwiki.php/Series/Castle
NCIS,/pmwiki/pmwiki.php/Series/NCIS
Firefly,/pmwiki/pmwiki.php/Series/Firefly
Pro Pinball: Fantastic Journey,/pmwiki/pmwiki.php/VideoGame/ProPinballFantasticJourney
Tesla,/pmwiki/pmwiki.php/VideoGame/ZenPinball
Monster High,/pmwiki/pmwiki.php/Toys/MonsterHigh
Disneyland,/pmwiki/pmwiki.php/Ride/Disneyland
Walt Disney World,/pmwiki/pmwiki.php/Ride/WaltDisneyWorld
Disneyland Paris,/pmwiki/pmwiki.php/Ride/DisneyThemeParks
Universal Orlando,/pmwiki/pmwiki.php/Ride/UniversalStudios
Lost Island Theme Park,/pmwiki/pmwiki.php/Ride/LostIslandThemePark
,/pmwiki/pmwiki.php/Anime/Gankutsuou
Ergo Proxy,/pmwiki/pmwiki.php/Anime/ErgoProxy
Last Exile,/pmwiki/pmwiki.php/Anime/LastExile
Nadia: The Secret of Blue Water,/pmwiki/pmwiki.php/Anime/NadiaTheSecretOfBlueWater
Princess Principal,/pmwiki/pmwiki.php/Anime/PrincessPrincipal
Samurai 7,/pmwiki/pmwiki.php/Anime/SamuraiSeven
Secret of Cerulean Sand,/pmwiki/pmwiki.php/Anime/SecretOfCeruleanSand
Sherlock Hound,/pmwiki/pmwiki.php/Anime/SherlockHound
Steamboy,/pmwiki/pmwiki.php/Anime/Steamboy
Castle in the Sky,/pmwiki/pmwiki.php/Anime/CastleInTheSky
Howl's Moving Castle,/pmwiki/pmwiki.php/Anime/HowlsMovingCastle
Ponyo on the Cliff by the Sea,/pmwiki/pmwiki.php/Anime/PonyoOnTheCliffByTheSea
Princess Mononoke,/pmwiki/pmwiki.php/Anime/PrincessMononoke
Trigun,/pmwiki/pmwiki.php/Anime/Trigun
The Case Study of Vanitas,/pmwiki/pmwiki.php/Manga/TheCaseStudyOfVanitas
D.Gray-Man,/pmwiki/pmwiki.php/Manga/DGrayMan
Fullmetal Alchemist,/pmwiki/pmwiki.php/Manga/FullmetalAlchemist
Wings of Vendemiaire,/pmwiki/pmwiki.php/Manga/WingsOfVendemiaire
Futago no Teikoku,/pmwiki/pmwiki.php/Manga/FutagoNoTeikoku
One Piece,/pmwiki/pmwiki.php/Manga/OnePiece
Steam Detectives,/pmwiki/pmwiki.php/Manga/SteamDetectives
Nausicaä of the Valley of the Wind,/pmwiki/pmwiki.php/Manga/NausicaaOfTheValleyOfTheWind
Sakura Taisen,/pmwiki/pmwiki.php/VideoGame/SakuraTaisen
2000 AD,/pmwiki/pmwiki.php/ComicBook/TwoThousandAD
Nemesis the Warlock,/pmwiki/pmwiki.php/ComicBook/NemesisTheWarlock
The Adventures of Luther Arkwright,/pmwiki/pmwiki.php/ComicBook/LutherArkwright
Grandville,/pmwiki/pmwiki.php/ComicBook/Grandville
Steam Wars,/pmwiki/pmwiki.php/ComicBook/SteamWars
Atomic Robo,/pmwiki/pmwiki.php/ComicBook/AtomicRobo
El Eternauta,/pmwiki/pmwiki.php/ComicBook/ElEternauta
The Five Fists of Science,/pmwiki/pmwiki.php/ComicBook/TheFiveFistsOfScience
Ray Palmer,/pmwiki/pmwiki.php/ComicBook/TheAtom
Lex Luthor,/pmwiki/pmwiki.php/ComicBook/LexLuthor
Lady Mechanika,/pmwiki/pmwiki.php/ComicBook/LadyMechanika
The Green Hornet,/pmwiki/pmwiki.php/ComicBook/TheGreenHornet
The Phantom,/pmwiki/pmwiki.php/ComicBook/TheLastPhantom
Flash Gordon,/pmwiki/pmwiki.php/ComicBook/FlashGordonZeitgeist
The Legend of Zelda: A Link to the Past (1992),/pmwiki/pmwiki.php/ComicBook/TheLegendOfZeldaALinkToThePast1992
League of Extraordinary Gentlemen,/pmwiki/pmwiki.php/ComicBook/LeagueOfExtraordinaryGentlemen
Minnie The Minx,/pmwiki/pmwiki.php/ComicBook/TheBeano
Marvel 1602,/pmwiki/pmwiki.php/ComicBook/Marvel1602
Iron Man,/pmwiki/pmwiki.php/ComicBook/IronMan
Mr. Hero: The Newmatic Man,/pmwiki/pmwiki.php/ComicBook/MrHeroTheNewmaticMan
Muse,/pmwiki/pmwiki.php/ComicBook/Muse
Tom Strong,/pmwiki/pmwiki.php/ComicBook/TomStrong
Oz,/pmwiki/pmwiki.php/Literature/LandOfOz
,/pmwiki/pmwiki.php/WesternAnimation/SgtSavageAndHisScreamingEagles
The Six Million Dollar Man,/pmwiki/pmwiki.php/Series/TheSixMillionDollarMan
Battlestar Galactica,/pmwiki/pmwiki.php/Series/BattlestarGalactica1978
The Wonderful Wizard of Oz,/pmwiki/pmwiki.php/Literature/TheWonderfulWizardOfOz
"20,000 Leagues Under the Sea",/pmwiki/pmwiki.php/Film/TwentyThousandLeaguesUnderTheSea
Adele Hasn't Had Her Dinner Yet,/pmwiki/pmwiki.php/Film/AdeleHasntHadHerDinnerYet
Back to the Future Part III,/pmwiki/pmwiki.php/Film/BackToTheFuturePartIII
The Brothers Grimm,/pmwiki/pmwiki.php/Film/TheBrothersGrimm
Casper,/pmwiki/pmwiki.php/Film/Casper
Gentlemen Explorers,/pmwiki/pmwiki.php/Film/GentlemenExplorers
The Great Race,/pmwiki/pmwiki.php/Film/TheGreatRace
The Imaginarium of Doctor Parnassus,/pmwiki/pmwiki.php/Film/TheImaginariumOfDoctorParnassus
Invention for Destruction,/pmwiki/pmwiki.php/Film/InventionForDestruction
The League of Extraordinary Gentlemen,/pmwiki/pmwiki.php/Film/TheLeagueOfExtraordinaryGentlemen
Mad Max: Beyond Thunderdome,/pmwiki/pmwiki.php/Film/MadMaxBeyondThunderdome
Mutant Chronicles,/pmwiki/pmwiki.php/Film/MutantChronicles
Mythica,/pmwiki/pmwiki.php/Film/Mythica
Paddington (2014),/pmwiki/pmwiki.php/Film/Paddington2014
The Prestige,/pmwiki/pmwiki.php/Film/ThePrestige
A Series of Unfortunate Events (2004),/pmwiki/pmwiki.php/Film/ASeriesOfUnfortunateEvents2004
Sherlock Holmes (2009),/pmwiki/pmwiki.php/Film/SherlockHolmes2009
Its sequel,/pmwiki/pmwiki.php/Film/SherlockHolmesAGameOfShadows
Sir Arthur Conan Doyle's Sherlock Holmes,/pmwiki/pmwiki.php/Film/SirArthurConanDoylesSherlockHolmes
Sucker Punch,/pmwiki/pmwiki.php/Film/SuckerPunch
Tai Chi Zero,/pmwiki/pmwiki.php/Film/TaiChiZero
The Time Machine (1960),/pmwiki/pmwiki.php/Film/TheTimeMachine1960
The Time Machine (2002),/pmwiki/pmwiki.php/Film/TheTimeMachine2002
Van Helsing,/pmwiki/pmwiki.php/Film/VanHelsing
Wild Wild West,/pmwiki/pmwiki.php/Film/WildWildWest
Young Einstein,/pmwiki/pmwiki.php/Film/YoungEinstein
"
                    ",/pmwiki/pmwiki.php/WebVideo/Film
April and the Extraordinary World,/pmwiki/pmwiki.php/WesternAnimation/AprilAndTheExtraordinaryWorld
Atlantis: The Lost Empire,/pmwiki/pmwiki.php/WesternAnimation/AtlantisTheLostEmpire
The Boxtrolls,/pmwiki/pmwiki.php/WesternAnimation/TheBoxtrolls
Dragon Rider,/pmwiki/pmwiki.php/WesternAnimation/DragonRider
The Great Mouse Detective,/pmwiki/pmwiki.php/WesternAnimation/TheGreatMouseDetective
The Steam Engines of Oz,/pmwiki/pmwiki.php/WesternAnimation/TheSteamEnginesOfOz
Treasure Planet,/pmwiki/pmwiki.php/WesternAnimation/TreasurePlanet
,/pmwiki/pmwiki.php/Literature/ExpectingSomeoneTaller
"
                    ",/pmwiki/pmwiki.php/Literature/Literature
The Affinity Bridge,/pmwiki/pmwiki.php/Literature/TheAffinityBridge
The Ghost (2010),/pmwiki/pmwiki.php/Literature/TheGhost2010
Airborn,/pmwiki/pmwiki.php/Literature/Airborn
Bas-Lag trilogy,/pmwiki/pmwiki.php/Literature/BasLagCycle
The Black God's Drums,/pmwiki/pmwiki.php/Literature/TheBlackGodsDrums
Blood of Earth,/pmwiki/pmwiki.php/Literature/BloodOfEarth
Books Of Babel,/pmwiki/pmwiki.php/Literature/BooksOfBabel
Burton & Swinburne Series,/pmwiki/pmwiki.php/Literature/BurtonAndSwinburneSeries
C-Chute,/pmwiki/pmwiki.php/Literature/CChute
Chronicles of the Pneumatic Zeppelin,/pmwiki/pmwiki.php/Literature/ChroniclesOfThePneumaticZeppelin
The Cinder Spires,/pmwiki/pmwiki.php/Literature/TheCinderSpires
Clockwork Century,/pmwiki/pmwiki.php/Literature/ClockworkCentury
The Corsay Books,/pmwiki/pmwiki.php/Literature/TheCorsayBooks
Dawn of Steam,/pmwiki/pmwiki.php/Literature/DawnOfSteam
The Diamond Age,/pmwiki/pmwiki.php/Literature/TheDiamondAge
The Difference Engine,/pmwiki/pmwiki.php/Literature/TheDifferenceEngine
Past Doctor Adventures,/pmwiki/pmwiki.php/Literature/PastDoctorAdventures
Doctor Who Missing Adventures,/pmwiki/pmwiki.php/Literature/DoctorWhoMissingAdventures
Doctrine of Labyrinths,/pmwiki/pmwiki.php/Literature/DoctrineOfLabyrinths
The Dream of Perpetual Motion,/pmwiki/pmwiki.php/Literature/TheDreamOfPerpetualMotion
Charlie and the Chocolate Factory,/pmwiki/pmwiki.php/Literature/CharlieAndTheChocolateFactory
Draconis Memoria,/pmwiki/pmwiki.php/Literature/DraconisMemoria
The Edge Chronicles,/pmwiki/pmwiki.php/Literature/TheEdgeChronicles
The Exile's Violin,/pmwiki/pmwiki.php/Literature/TheExilesViolin
The Expeditioners,/pmwiki/pmwiki.php/Literature/TheExpeditioners
The Extraordinaires,/pmwiki/pmwiki.php/Literature/TheExtraordinaires
Fitzpatrick's War,/pmwiki/pmwiki.php/Literature/FitzpatricksWar
Forest of Boland Light Railway,/pmwiki/pmwiki.php/Literature/ForestOfBolandLightRailway
The Hobbit,/pmwiki/pmwiki.php/Literature/TheHobbit
Thomas the Tank Engine,/pmwiki/pmwiki.php/Literature/ThomasTheTankEngine
The Goblin Emperor,/pmwiki/pmwiki.php/Literature/TheGoblinEmperor
Havemercy,/pmwiki/pmwiki.php/Literature/Havemercy
Hell's Children,/pmwiki/pmwiki.php/Literature/HellsChildren
The Heroes of Olympus,/pmwiki/pmwiki.php/Literature/TheHeroesOfOlympus
The Camp Half-Blood Series,/pmwiki/pmwiki.php/Literature/TheCampHalfBloodSeries
His Dark Materials,/pmwiki/pmwiki.php/Literature/HisDarkMaterials
The Hunchback Assignments,/pmwiki/pmwiki.php/Literature/TheHunchbackAssignments
Cassandra Clare novel,/pmwiki/pmwiki.php/Literature/TheInfernalDevices
The Infernal Devices,/pmwiki/pmwiki.php/Literature/TheInfernalDevices
The Mortal Instruments,/pmwiki/pmwiki.php/Literature/TheMortalInstruments
Jackelian Series,/pmwiki/pmwiki.php/Literature/JackelianSeries
Land of Oz,/pmwiki/pmwiki.php/Literature/LandOfOz
Glinda of Oz,/pmwiki/pmwiki.php/Literature/GlindaOfOz
Leviathan,/pmwiki/pmwiki.php/Literature/Leviathan
The Lost Thing,/pmwiki/pmwiki.php/Literature/TheLostThing
The Lotus War,/pmwiki/pmwiki.php/Literature/TheLotusWar
Mortal Engines,/pmwiki/pmwiki.php/Literature/MortalEngines
Larklight,/pmwiki/pmwiki.php/Literature/Larklight
Moses: The Chronicles of Harriet Tubman,/pmwiki/pmwiki.php/Literature/MosesTheChroniclesOfHarrietTubman
The Parasol Protectorate,/pmwiki/pmwiki.php/Literature/TheParasolProtectorate
The Peshawar Lancers,/pmwiki/pmwiki.php/Literature/ThePeshawarLancers
Planesrunner,/pmwiki/pmwiki.php/Literature/Planesrunner
Please Don't Tell My Parents I'm a Supervillain,/pmwiki/pmwiki.php/Literature/PleaseDontTellMyParentsImASupervillain
Recluce,/pmwiki/pmwiki.php/Literature/SagaOfRecluce
Reconstruction Series,/pmwiki/pmwiki.php/Literature/ReconstructionSeries
The Rithmatist,/pmwiki/pmwiki.php/Literature/TheRithmatist
Rough Draft,/pmwiki/pmwiki.php/Literature/RoughDraft
A Series of Unfortunate Events,/pmwiki/pmwiki.php/Literature/ASeriesOfUnfortunateEvents
Shadows of the Apt,/pmwiki/pmwiki.php/Literature/ShadowsOfTheApt
Steeplejack,/pmwiki/pmwiki.php/Literature/Steeplejack
Signal Airship,/pmwiki/pmwiki.php/Literature/SignalAirship
The Supervillainy Saga,/pmwiki/pmwiki.php/Literature/TheSupervillainySaga
Tales of Supervillainy: Cindy's Seven,/pmwiki/pmwiki.php/Literature/TalesOfSupervillainyCindysSeven
The Twenty One Balloons,/pmwiki/pmwiki.php/Literature/TheTwentyOneBalloons
"20,000 Leagues Under the Sea",/pmwiki/pmwiki.php/Literature/TwentyThousandLeaguesUnderTheSea
Wraith Knight,/pmwiki/pmwiki.php/Literature/WraithKnight
The Tempest,/pmwiki/pmwiki.php/Theatre/TheTempest
Rush,/pmwiki/pmwiki.php/Music/RushBand
The Wizard of Oz,/pmwiki/pmwiki.php/Film/TheWizardOfOz
The film,/pmwiki/pmwiki.php/Film/TheGoldenCompass
The TV series,/pmwiki/pmwiki.php/Series/HisDarkMaterials
Harry Potter,/pmwiki/pmwiki.php/Literature/HarryPotter
The Wonderful Wizard of Oz,/pmwiki/pmwiki.php/Literature/TheWonderfulWizardOfOz
"The Adventures of Brisco County, Jr.",/pmwiki/pmwiki.php/Series/TheAdventuresOfBriscoCountyJr
Castle,/pmwiki/pmwiki.php/Series/Castle
Doctor Who,/pmwiki/pmwiki.php/Series/DoctorWho
Dracula,/pmwiki/pmwiki.php/Series/Dracula2013
Firefly,/pmwiki/pmwiki.php/Series/Firefly
Fringe,/pmwiki/pmwiki.php/Series/Fringe
Legend,/pmwiki/pmwiki.php/Series/Legend
Murdoch Mysteries,/pmwiki/pmwiki.php/Series/MurdochMysteries
The Nevers,/pmwiki/pmwiki.php/Series/TheNevers
NCIS: Los Angeles,/pmwiki/pmwiki.php/Series/NCISLosAngeles
QED,/pmwiki/pmwiki.php/Series/QED
Revolution,/pmwiki/pmwiki.php/Series/Revolution
The Secret Adventures of Jules Verne,/pmwiki/pmwiki.php/Series/TheSecretAdventuresOfJulesVerne
Stargate Atlantis,/pmwiki/pmwiki.php/Series/StargateAtlantis
Stargate SG-1,/pmwiki/pmwiki.php/Series/StargateSG1
Tin Man,/pmwiki/pmwiki.php/Series/TinMan
Torchwood,/pmwiki/pmwiki.php/Series/Torchwood
Warehouse 13,/pmwiki/pmwiki.php/Series/Warehouse13
The Wild Wild West,/pmwiki/pmwiki.php/Series/TheWildWildWest
,/pmwiki/pmwiki.php/Literature/NoDealsMrBond
The Dolls of New Albion,/pmwiki/pmwiki.php/AudioPlay/TheDollsOfNewAlbion
Abney Park,/pmwiki/pmwiki.php/Music/AbneyPark
Doctor Steel,/pmwiki/pmwiki.php/Music/DoctorSteel
Unextraordinary Gentlemen,/pmwiki/pmwiki.php/Music/UnextraordinaryGentlemen
Clockwork Quartet,/pmwiki/pmwiki.php/Music/ClockworkQuartet
The Cog Is Dead,/pmwiki/pmwiki.php/Music/TheCogIsDead
The Men That Will Not Be Blamed For Nothing,/pmwiki/pmwiki.php/Music/TheMenThatWillNotBeBlamedForNothing
Voltaire,/pmwiki/pmwiki.php/Music/Voltaire
Panic! at the Disco,/pmwiki/pmwiki.php/Music/PanicAtTheDisco
Professor Elemental,/pmwiki/pmwiki.php/Music/ProfessorElemental
Mr. B The Gentleman Rhymer,/pmwiki/pmwiki.php/Music/MrBTheGentlemanRhymer
Steam Powered Giraffe,/pmwiki/pmwiki.php/Music/SteamPoweredGiraffe
Rush,/pmwiki/pmwiki.php/Music/RushBand
David Guetta,/pmwiki/pmwiki.php/Music/DavidGuetta
Nicki Minaj,/pmwiki/pmwiki.php/Music/NickiMinaj
Sugarland,/pmwiki/pmwiki.php/Music/Sugarland
Drachenflug,/pmwiki/pmwiki.php/Music/Drachenflug
Lindsey Stirling,/pmwiki/pmwiki.php/Music/LindseyStirling
the Martian invasion of Earth,/pmwiki/pmwiki.php/Literature/TheWarOfTheWorlds
Abney Park,/pmwiki/pmwiki.php/Music/AbneyPark
,/pmwiki/pmwiki.php/Film/Paterson
The Legend of Korra,/pmwiki/pmwiki.php/WesternAnimation/TheLegendOfKorra
Iron Kingdoms,/pmwiki/pmwiki.php/TabletopGame/IronKingdoms
Dungeons & Dragons,/pmwiki/pmwiki.php/TabletopGame/DungeonsAndDragons
Space 1889,/pmwiki/pmwiki.php/TabletopGame/Space1889
Mutant Chronicles,/pmwiki/pmwiki.php/TabletopGame/MutantChronicles
Doom Trooper,/pmwiki/pmwiki.php/TabletopGame/DoomTrooper
War Zone,/pmwiki/pmwiki.php/TabletopGame/WarZone
Warhammer,/pmwiki/pmwiki.php/TabletopGame/Warhammer
Warhammer: Age of Sigmar,/pmwiki/pmwiki.php/TabletopGame/WarhammerAgeOfSigmar
Exalted,/pmwiki/pmwiki.php/TabletopGame/Exalted
Etherscope,/pmwiki/pmwiki.php/TabletopGame/Etherscope
Dungeons & Dragons,/pmwiki/pmwiki.php/TabletopGame/DungeonsAndDragons
Spelljammer,/pmwiki/pmwiki.php/TabletopGame/Spelljammer
Mystara,/pmwiki/pmwiki.php/TabletopGame/Mystara
Eberron,/pmwiki/pmwiki.php/TabletopGame/Eberron
Ravenloft,/pmwiki/pmwiki.php/TabletopGame/Ravenloft
DragonMech,/pmwiki/pmwiki.php/TabletopGame/DragonMech
GURPS,/pmwiki/pmwiki.php/TabletopGame/GURPS
Infinite Worlds,/pmwiki/pmwiki.php/TabletopGame/InfiniteWorlds
Mage Knight,/pmwiki/pmwiki.php/TabletopGame/MageKnight
Wolsung Steam Pulp Fantasy,/pmwiki/pmwiki.php/TabletopGame/WolsungSteamPulpFantasy
Unhallowed Metropolis,/pmwiki/pmwiki.php/TabletopGame/UnhallowedMetropolis
Castle Falkenstein,/pmwiki/pmwiki.php/TabletopGame/CastleFalkenstein
Victoriana,/pmwiki/pmwiki.php/TabletopGame/VictorianaRPG
Deadlands,/pmwiki/pmwiki.php/TabletopGame/Deadlands
Genius: The Transgression,/pmwiki/pmwiki.php/TabletopGame/GeniusTheTransgression
Magic: The Gathering,/pmwiki/pmwiki.php/TabletopGame/MagicTheGathering
Mage: The Ascension,/pmwiki/pmwiki.php/TabletopGame/MageTheAscension
The Splinter,/pmwiki/pmwiki.php/TabletopGame/TheSplinter
Dystopian Wars,/pmwiki/pmwiki.php/TabletopGame/DystopianWars
Tephra,/pmwiki/pmwiki.php/TabletopGame/Tephra
,/pmwiki/pmwiki.php/Literature/TheMoonPool
Around the World in Eighty Days,/pmwiki/pmwiki.php/Literature/AroundTheWorldInEightyDays
Neopets,/pmwiki/pmwiki.php/Website/Neopets
Sekien no Inganock,/pmwiki/pmwiki.php/VisualNovel/SekienNoInganock
80 Days,/pmwiki/pmwiki.php/VideoGame/EightyDays
Aleste,/pmwiki/pmwiki.php/VideoGame/Aleste
American McGee's Alice,/pmwiki/pmwiki.php/VideoGame/AmericanMcGeesAlice
Amnesia: The Dark Descent,/pmwiki/pmwiki.php/VideoGame/AmnesiaTheDarkDescent
Amnesia: A Machine for Pigs,/pmwiki/pmwiki.php/VideoGame/AmnesiaAMachineForPigs
Angband,/pmwiki/pmwiki.php/VideoGame/Angband
Another Sight,/pmwiki/pmwiki.php/VideoGame/AnotherSight
Arcanum: Of Steamworks & Magick Obscura,/pmwiki/pmwiki.php/VideoGame/ArcanumOfSteamworksAndMagickObscura
Aztec Wars,/pmwiki/pmwiki.php/VideoGame/AztecWars
BioShock Infinite,/pmwiki/pmwiki.php/VideoGame/BioShockInfinite
The Chaos Engine,/pmwiki/pmwiki.php/VideoGame/TheChaosEngine
City of Heroes,/pmwiki/pmwiki.php/VideoGame/CityOfHeroes
Civilization,/pmwiki/pmwiki.php/VideoGame/Civilization
Clustertruck,/pmwiki/pmwiki.php/VideoGame/ClusterTruck
Codename STEAM,/pmwiki/pmwiki.php/VideoGame/CodenameSTEAM
Covert Front,/pmwiki/pmwiki.php/VideoGame/CovertFront
Crimson Steam Pirates,/pmwiki/pmwiki.php/VideoGame/CrimsonSteamPirates
Dark Cloud,/pmwiki/pmwiki.php/VideoGame/DarkCloud
Devil May Cry 3: Dante's Awakening,/pmwiki/pmwiki.php/VideoGame/DevilMayCry3DantesAwakening
Die Reise ins All,/pmwiki/pmwiki.php/VideoGame/DieReiseInsAll
Dishonored,/pmwiki/pmwiki.php/VideoGame/Dishonored
.hack//G.U.,/pmwiki/pmwiki.php/VideoGame/DotHackGU
DragonFable,/pmwiki/pmwiki.php/VideoGame/DragonFable
Morrowind,/pmwiki/pmwiki.php/VideoGame/TheElderScrollsIIIMorrowind
Skyrim,/pmwiki/pmwiki.php/VideoGame/TheElderScrollsVSkyrim
Epic Mickey,/pmwiki/pmwiki.php/VideoGame/EpicMickey
Fable II,/pmwiki/pmwiki.php/VideoGame/FableII
Final Fantasy V,/pmwiki/pmwiki.php/VideoGame/FinalFantasyV
Final Fantasy VI,/pmwiki/pmwiki.php/VideoGame/FinalFantasyVI
Final Fantasy IX,/pmwiki/pmwiki.php/VideoGame/FinalFantasyIX
Gems of War,/pmwiki/pmwiki.php/VideoGame/GemsOfWar
Guns of Icarus Online,/pmwiki/pmwiki.php/VideoGame/GunsOfIcarusOnline
Haven Moon,/pmwiki/pmwiki.php/VideoGame/HavenMoon
Hidden City,/pmwiki/pmwiki.php/VideoGame/HiddenCity
Hidden Dragon: Legend,/pmwiki/pmwiki.php/VideoGame/HiddenDragonLegend
Ironcast,/pmwiki/pmwiki.php/VideoGame/Ironcast
Jade Empire,/pmwiki/pmwiki.php/VideoGame/JadeEmpire
Jak and Daxter,/pmwiki/pmwiki.php/VideoGame/JakAndDaxter
Kaptain Brawe A Brawe New World,/pmwiki/pmwiki.php/VideoGame/KaptainBraweABraweNewWorld
Kingdom Hearts,/pmwiki/pmwiki.php/VideoGame/KingdomHeartsI
Lamplight City,/pmwiki/pmwiki.php/VideoGame/LamplightCity
The Legend of Zelda: Phantom Hourglass,/pmwiki/pmwiki.php/VideoGame/TheLegendOfZeldaPhantomHourglass
The Legend of Zelda: Spirit Tracks,/pmwiki/pmwiki.php/VideoGame/TheLegendOfZeldaSpiritTracks
The Legend of Zelda: Skyward Sword,/pmwiki/pmwiki.php/VideoGame/TheLegendOfZeldaSkywardSword
The Longest Journey,/pmwiki/pmwiki.php/VideoGame/TheLongestJourney
its sequel,/pmwiki/pmwiki.php/VideoGame/DreamfallTheLongestJourney
Lunar: The Silver Star,/pmwiki/pmwiki.php/VideoGame/LunarTheSilverStar
Metroid Prime,/pmwiki/pmwiki.php/VideoGame/MetroidPrime
Myst,/pmwiki/pmwiki.php/VideoGame/Myst
Myst V,/pmwiki/pmwiki.php/VideoGame/MystV
Uru,/pmwiki/pmwiki.php/VideoGame/Uru
Neo Steam,/pmwiki/pmwiki.php/VideoGame/NeoSteam
New Legends,/pmwiki/pmwiki.php/VideoGame/NewLegends
Noblemen 1896,/pmwiki/pmwiki.php/VideoGame/Noblemen1896
The Order: 1886,/pmwiki/pmwiki.php/VideoGame/TheOrder1886
ParaWorld,/pmwiki/pmwiki.php/VideoGame/ParaWorld
Pokémon Legends: Arceus,/pmwiki/pmwiki.php/VideoGame/PokemonLegendsArceus
Professor Layton,/pmwiki/pmwiki.php/VideoGame/ProfessorLayton
Ratchet & Clank,/pmwiki/pmwiki.php/VideoGame/RatchetAndClank
Rise of Legends,/pmwiki/pmwiki.php/VideoGame/RiseOfLegends
RuneScape,/pmwiki/pmwiki.php/VideoGame/RuneScape
Sakura Taisen,/pmwiki/pmwiki.php/VideoGame/SakuraTaisen
"Sakura Wars: So Long, My Love",/pmwiki/pmwiki.php/VideoGame/SakuraWarsSoLongMyLove
Second Life,/pmwiki/pmwiki.php/VideoGame/SecondLife
Shining Force,/pmwiki/pmwiki.php/VideoGame/ShiningForce
Shining Force II,/pmwiki/pmwiki.php/VideoGame/ShiningForceII
Skies of Arcadia: Legends,/pmwiki/pmwiki.php/VideoGame/SkiesOfArcadia
Snoopy Flying Ace,/pmwiki/pmwiki.php/VideoGame/SnoopyFlyingAce
Sonic Rush Adventure,/pmwiki/pmwiki.php/VideoGame/SonicRushSeries
Steambot Chronicles,/pmwiki/pmwiki.php/VideoGame/SteambotChronicles
Stormwinds,/pmwiki/pmwiki.php/VideoGame/Stormwinds
Summon Night,/pmwiki/pmwiki.php/VideoGame/SummonNight
The Swindle,/pmwiki/pmwiki.php/VideoGame/TheSwindle
Syberia,/pmwiki/pmwiki.php/VideoGame/Syberia
Tales of Innocence,/pmwiki/pmwiki.php/VideoGame/TalesOfInnocence
Tales Series,/pmwiki/pmwiki.php/VideoGame/TalesSeries
Teslagrad,/pmwiki/pmwiki.php/VideoGame/Teslagrad
They Are Billions,/pmwiki/pmwiki.php/VideoGame/TheyAreBillions
Thief,/pmwiki/pmwiki.php/VideoGame/Thief
the second game,/pmwiki/pmwiki.php/VideoGame/ThiefIITheMetalAge
TimeSplitters,/pmwiki/pmwiki.php/VideoGame/TimeSplitters
Ultima: Worlds of Adventure 2: Martian Dreams,/pmwiki/pmwiki.php/VideoGame/UltimaWorldsOfAdventure2MartianDreams
Unwritten Legends,/pmwiki/pmwiki.php/VideoGame/UnwrittenLegends
We Happy Few,/pmwiki/pmwiki.php/VideoGame/WeHappyFew
Wells,/pmwiki/pmwiki.php/VideoGame/Wells
Wild ARMs,/pmwiki/pmwiki.php/VideoGame/WildArms
Wizard101,/pmwiki/pmwiki.php/VideoGame/Wizard101
We Need to go Deeper,/pmwiki/pmwiki.php/VideoGame/WeNeedToGoDeeper
,/pmwiki/pmwiki.php/Literature/TheGirlWithAllTheGifts
The War of the Worlds,/pmwiki/pmwiki.php/Literature/TheWarOfTheWorlds
Casey and Andy,/pmwiki/pmwiki.php/Webcomic/CaseyAndAndy
Annyseed,/pmwiki/pmwiki.php/Webcomic/Annyseed
Black Rose,/pmwiki/pmwiki.php/Webcomic/BlackRose
Girl Genius,/pmwiki/pmwiki.php/Webcomic/GirlGenius
Sfeer Theory,/pmwiki/pmwiki.php/Webcomic/SfeerTheory
The Continentals,/pmwiki/pmwiki.php/Webcomic/TheContinentals
Freakangels,/pmwiki/pmwiki.php/Webcomic/Freakangels
The Thrilling Adventures of Lovelace and Babbage,/pmwiki/pmwiki.php/Webcomic/TheThrillingAdventuresOfLovelaceAndBabbage
The Becoming,/pmwiki/pmwiki.php/Webcomic/TheBecoming
Narbonic,/pmwiki/pmwiki.php/Webcomic/Narbonic
Adventurers!,/pmwiki/pmwiki.php/Webcomic/Adventurers
Freefall,/pmwiki/pmwiki.php/Webcomic/Freefall
Clockwork,/pmwiki/pmwiki.php/Webcomic/Clockwork
Shadowbinders,/pmwiki/pmwiki.php/Webcomic/Shadowbinders
Sleepless Domain,/pmwiki/pmwiki.php/Webcomic/SleeplessDomain
Steamgear Inc,/pmwiki/pmwiki.php/Webcomic/SteamgearInc
Homestar Runner,/pmwiki/pmwiki.php/WebAnimation/HomestarRunner
Chaos Timeline,/pmwiki/pmwiki.php/Literature/ChaosTimeline
Statless and Tactless,/pmwiki/pmwiki.php/Literature/StatlessAndTactless
The League of S.T.E.A.M.,/pmwiki/pmwiki.php/Theatre/TheLeagueOfSTEAM
The Guild,/pmwiki/pmwiki.php/WebVideo/TheGuild
Agamemnon Tiberius Vacuum,/pmwiki/pmwiki.php/WebVideo/AgamemnonTiberiusVacuum
Dirigible Days,/pmwiki/pmwiki.php/WebVideo/DirigibleDays
YouTube,/pmwiki/pmwiki.php/Website/YouTube
The Wanderer's Library,/pmwiki/pmwiki.php/Website/TheWanderersLibrary
TV Tropes,/pmwiki/pmwiki.php/Website/TVTropes
,/pmwiki/pmwiki.php/VideoGame/KnightsChronicle
,/pmwiki/pmwiki.php/Music/GirlsGeneration
Professor Elemental,/pmwiki/pmwiki.php/Music/ProfessorElemental
"
                    ",/pmwiki/pmwiki.php/WesternAnimation/WesternAnimation
The Adventures of Mark Twain,/pmwiki/pmwiki.php/WesternAnimation/TheAdventuresOfMarkTwain
Adventures of the Gummi Bears,/pmwiki/pmwiki.php/WesternAnimation/AdventuresOfTheGummiBears
Aladdin: The Series,/pmwiki/pmwiki.php/WesternAnimation/AladdinTheSeries
Arcane,/pmwiki/pmwiki.php/WesternAnimation/Arcane
Avatar: The Last Airbender,/pmwiki/pmwiki.php/WesternAnimation/AvatarTheLastAirbender
The Legend of Korra,/pmwiki/pmwiki.php/WesternAnimation/TheLegendOfKorra
Avengers: Black Panther's Quest,/pmwiki/pmwiki.php/WesternAnimation/AvengersAssemble
Batman: The Animated Series,/pmwiki/pmwiki.php/WesternAnimation/BatmanTheAnimatedSeries
Batman: The Brave and the Bold,/pmwiki/pmwiki.php/WesternAnimation/BatmanTheBraveAndTheBold
Disenchantment,/pmwiki/pmwiki.php/WesternAnimation/Disenchantment
Green Lantern: The Animated Series,/pmwiki/pmwiki.php/WesternAnimation/GreenLanternTheAnimatedSeries
Harvey Beaks,/pmwiki/pmwiki.php/WesternAnimation/HarveyBeaks
"Love, Death & Robots",/pmwiki/pmwiki.php/WesternAnimation/LoveDeathAndRobots
The Modifyers,/pmwiki/pmwiki.php/WesternAnimation/TheModifyers
My Little Pony: Friendship Is Magic,/pmwiki/pmwiki.php/WesternAnimation/MyLittlePonyFriendshipIsMagic
The Mysterious Geographic Explorations of Jasper Morello,/pmwiki/pmwiki.php/WesternAnimation/TheMysteriousGeographicExplorationsOfJasperMorello
Phineas and Ferb,/pmwiki/pmwiki.php/WesternAnimation/PhineasAndFerb
Unicorn: Warriors Eternal,/pmwiki/pmwiki.php/WesternAnimation/UnicornWarriorsEternal
The Begum's Millions,/pmwiki/pmwiki.php/Literature/TheBegumsMillions
Doctor Steel,/pmwiki/pmwiki.php/Music/DoctorSteel
Army of Toy Soldiers,/pmwiki/pmwiki.php/Website/ToySoldiersUnite
how the crew dealt with,/pmwiki/pmwiki.php/Series/DirtyJobs
