title,url
Robotech,https://tvtropes.org/pmwiki/pmwiki.php/Anime/Robotech
Attack on Titan,https://tvtropes.org/pmwiki/pmwiki.php/Anime/AttackOnTitan
Gamera Rebirth,https://tvtropes.org/pmwiki/pmwiki.php/Anime/GameraRebirth
Godzilla: Planet of the Monsters,https://tvtropes.org/pmwiki/pmwiki.php/Anime/GodzillaPlanetOfTheMonsters
Godzilla: City on the Edge of Battle,https://tvtropes.org/pmwiki/pmwiki.php/Anime/GodzillaCityOnTheEdgeOfBattle
Godzilla: The Planet Eater,https://tvtropes.org/pmwiki/pmwiki.php/Anime/GodzillaThePlanetEater
Godzilla: Singular Point,https://tvtropes.org/pmwiki/pmwiki.php/Anime/GodzillaSingularPoint
Neon Genesis Evangelion,https://tvtropes.org/pmwiki/pmwiki.php/Anime/NeonGenesisEvangelion
Rebuild of Evangelion,https://tvtropes.org/pmwiki/pmwiki.php/Anime/RebuildOfEvangelion
Pacific Rim: The Black,https://tvtropes.org/pmwiki/pmwiki.php/Anime/PacificRimTheBlack
SSSS.GRIDMAN,https://tvtropes.org/pmwiki/pmwiki.php/Anime/SSSSGridman
SSSS.DYNɅZENON,https://tvtropes.org/pmwiki/pmwiki.php/Anime/SSSSDynazenon
GRIDMAN UNIVERSE,https://tvtropes.org/pmwiki/pmwiki.php/Anime/GridmanUniverse
The☆Ultraman,https://tvtropes.org/pmwiki/pmwiki.php/Anime/TheUltraman
Ultraman: The Adventure Begins,https://tvtropes.org/pmwiki/pmwiki.php/Anime/UltramanTheAdventureBegins
Kaiju Girls,https://tvtropes.org/pmwiki/pmwiki.php/WebAnimation/KaijuGirls
The Island of Giant Insects,https://tvtropes.org/pmwiki/pmwiki.php/Manga/TheIslandOfGiantInsects
Kaiju Girl Caramelise,https://tvtropes.org/pmwiki/pmwiki.php/Manga/KaijuGirlCaramelise
Kaiju No. 8,https://tvtropes.org/pmwiki/pmwiki.php/Manga/KaijuNumber8
Ultraman,https://tvtropes.org/pmwiki/pmwiki.php/Manga/Ultraman
Ultra Kaiju Anthropomorphization Project Feat Pop Comic Code,https://tvtropes.org/pmwiki/pmwiki.php/Manga/UltraKaijuAnthropomorphizationProjectFeatPopComicCode
Darkness Heels -Lili-,https://tvtropes.org/pmwiki/pmwiki.php/Manga/DarknessHeelsLili
Firebreather,https://tvtropes.org/pmwiki/pmwiki.php/ComicBook/Firebreather
Giantkiller,https://tvtropes.org/pmwiki/pmwiki.php/ComicBook/Giantkiller
Godzilla (IDW Publishing),https://tvtropes.org/pmwiki/pmwiki.php/ComicBook/GodzillaIDWPublishing
"Godzilla, King of the Monsters (1977)",https://tvtropes.org/pmwiki/pmwiki.php/ComicBook/GodzillaKingOfTheMonsters1977
Kaijumax,https://tvtropes.org/pmwiki/pmwiki.php/ComicBook/Kaijumax
Monsters Unleashed,https://tvtropes.org/pmwiki/pmwiki.php/ComicBook/MonstersUnleashed
Ultramega,https://tvtropes.org/pmwiki/pmwiki.php/ComicBook/Ultramega
NES Godzilla Creepypasta,https://tvtropes.org/pmwiki/pmwiki.php/Literature/NESGodzillaCreepypasta
All Your Ruins,https://tvtropes.org/pmwiki/pmwiki.php/Literature/AllYourRuins
Atomic Rex,https://tvtropes.org/pmwiki/pmwiki.php/Literature/AtomicRex
The Atomic Time of Monsters,https://tvtropes.org/pmwiki/pmwiki.php/Literature/TheAtomicTimeOfMonsters
Clifford the Big Red Dog,https://tvtropes.org/pmwiki/pmwiki.php/Literature/CliffordTheBigRedDog
Daikaiju Yuki,https://tvtropes.org/pmwiki/pmwiki.php/Literature/DaikaijuYuki
The Kaiju Preservation Society,https://tvtropes.org/pmwiki/pmwiki.php/Literature/TheKaijuPreservationSociety
Nemesis Saga,https://tvtropes.org/pmwiki/pmwiki.php/Literature/NemesisSaga
Shambling Towards Hiroshima,https://tvtropes.org/pmwiki/pmwiki.php/Literature/ShamblingTowardsHiroshima
Carta Marina,https://tvtropes.org/pmwiki/pmwiki.php/Art/CartaMarina
Godzilla vs. Gigan Rex,https://tvtropes.org/pmwiki/pmwiki.php/Film/GodzillaVsGiganRex
20 Million Miles to Earth,https://tvtropes.org/pmwiki/pmwiki.php/Film/TwentyMillionMilesToEarth
The Amazing Colossal Man,https://tvtropes.org/pmwiki/pmwiki.php/Film/TheAmazingColossalMan
A*P*E,https://tvtropes.org/pmwiki/pmwiki.php/Film/Ape
Attack of the 50-Foot Woman,https://tvtropes.org/pmwiki/pmwiki.php/Film/AttackOfThe50FootWoman
"The Beast from 20,000 Fathoms",https://tvtropes.org/pmwiki/pmwiki.php/Film/TheBeastFromTwentyThousandFathoms
Beginning of the End,https://tvtropes.org/pmwiki/pmwiki.php/Film/BeginningOfTheEnd
Big Man Japan,https://tvtropes.org/pmwiki/pmwiki.php/Film/BigManJapan
The Blob (1958),https://tvtropes.org/pmwiki/pmwiki.php/Film/TheBlob1958
The Blob (1988),https://tvtropes.org/pmwiki/pmwiki.php/Film/TheBlob1988
The Black Scorpion,https://tvtropes.org/pmwiki/pmwiki.php/Film/TheBlackScorpion
Brush Of The God,https://tvtropes.org/pmwiki/pmwiki.php/Film/BrushOfTheGod
Pulgasari,https://tvtropes.org/pmwiki/pmwiki.php/Film/Pulgasari
The Adventures of Galgameth,https://tvtropes.org/pmwiki/pmwiki.php/Film/TheAdventuresOfGalgameth
Cloverfield,https://tvtropes.org/pmwiki/pmwiki.php/Film/Cloverfield
Colossal,https://tvtropes.org/pmwiki/pmwiki.php/Film/Colossal
Daigoro vs. Goliath,https://tvtropes.org/pmwiki/pmwiki.php/Film/DaigoroVsGoliath
Daimajin,https://tvtropes.org/pmwiki/pmwiki.php/Film/Daimajin
Day of the Kaiju,https://tvtropes.org/pmwiki/pmwiki.php/Film/DayOfTheKaiju
D-War,https://tvtropes.org/pmwiki/pmwiki.php/Film/DWar
The Deadly Mantis,https://tvtropes.org/pmwiki/pmwiki.php/Film/TheDeadlyMantis
Death Kappa,https://tvtropes.org/pmwiki/pmwiki.php/Film/DeathKappa
Dinocroc,https://tvtropes.org/pmwiki/pmwiki.php/Film/Dinocroc
Earth vs. the Spider,https://tvtropes.org/pmwiki/pmwiki.php/Film/EarthVsTheSpider
Gamera,https://tvtropes.org/pmwiki/pmwiki.php/Film/Gamera
Giant Monster Gamera,https://tvtropes.org/pmwiki/pmwiki.php/Film/GiantMonsterGamera
Gamera vs. Barugon,https://tvtropes.org/pmwiki/pmwiki.php/Film/GameraVsBarugon
Gamera vs. Gyaos,https://tvtropes.org/pmwiki/pmwiki.php/Film/GameraVsGyaos
Gamera vs. Viras,https://tvtropes.org/pmwiki/pmwiki.php/Film/GameraVsViras
Gamera vs. Guiron,https://tvtropes.org/pmwiki/pmwiki.php/Film/GameraVsGuiron
Gamera vs. Jiger,https://tvtropes.org/pmwiki/pmwiki.php/Film/GameraVsJiger
Gamera vs. Zigra,https://tvtropes.org/pmwiki/pmwiki.php/Film/GameraVsZigra
Gamera: Super Monster,https://tvtropes.org/pmwiki/pmwiki.php/Film/GameraSuperMonster
Gamera: Guardian of the Universe,https://tvtropes.org/pmwiki/pmwiki.php/Film/GameraGuardianOfTheUniverse
Gamera 2: Advent of Legion,https://tvtropes.org/pmwiki/pmwiki.php/Film/Gamera2AdventOfLegion
Gamera 3: Awakening of Irys,https://tvtropes.org/pmwiki/pmwiki.php/Film/Gamera3AwakeningOfIrys
Gamera the Brave,https://tvtropes.org/pmwiki/pmwiki.php/Film/GameraTheBrave
Gappa The Triphibian Monster,https://tvtropes.org/pmwiki/pmwiki.php/Film/GappaTheTriphibianMonster
Gehara The Dark And Long Haired Monster,https://tvtropes.org/pmwiki/pmwiki.php/Film/GeharaTheDarkAndLongHairedMonster
The Giant Behemoth,https://tvtropes.org/pmwiki/pmwiki.php/Film/TheGiantBehemoth
The Giant Claw,https://tvtropes.org/pmwiki/pmwiki.php/Film/TheGiantClaw
Godzilla (1954),https://tvtropes.org/pmwiki/pmwiki.php/Film/Godzilla1954
Godzilla: King of the Monsters! (1956),https://tvtropes.org/pmwiki/pmwiki.php/Film/GodzillaKingOfTheMonsters1956
Godzilla Raids Again,https://tvtropes.org/pmwiki/pmwiki.php/Film/GodzillaRaidsAgain
King Kong vs. Godzilla,https://tvtropes.org/pmwiki/pmwiki.php/Film/KingKongVsGodzilla
Mothra vs. Godzilla,https://tvtropes.org/pmwiki/pmwiki.php/Film/MothraVsGodzilla
"Ghidorah, the Three-Headed Monster",https://tvtropes.org/pmwiki/pmwiki.php/Film/GhidorahTheThreeHeadedMonster
Invasion of Astro-Monster,https://tvtropes.org/pmwiki/pmwiki.php/Film/InvasionOfAstroMonster
"Ebirah, Horror of the Deep",https://tvtropes.org/pmwiki/pmwiki.php/Film/EbirahHorrorOfTheDeep
Son of Godzilla,https://tvtropes.org/pmwiki/pmwiki.php/Film/SonOfGodzilla
Destroy All Monsters,https://tvtropes.org/pmwiki/pmwiki.php/Film/DestroyAllMonsters
All Monsters Attack,https://tvtropes.org/pmwiki/pmwiki.php/Film/AllMonstersAttack
Godzilla vs. Hedorah,https://tvtropes.org/pmwiki/pmwiki.php/Film/GodzillaVsHedorah
Godzilla vs. Gigan,https://tvtropes.org/pmwiki/pmwiki.php/Film/GodzillaVsGigan
Godzilla vs. Megalon,https://tvtropes.org/pmwiki/pmwiki.php/Film/GodzillaVsMegalon
Godzilla vs. Mechagodzilla,https://tvtropes.org/pmwiki/pmwiki.php/Film/GodzillaVsMechagodzilla
Terror of Mechagodzilla,https://tvtropes.org/pmwiki/pmwiki.php/Film/TerrorOfMechagodzilla
The Return of Godzilla,https://tvtropes.org/pmwiki/pmwiki.php/Film/TheReturnOfGodzilla
Godzilla vs. Biollante,https://tvtropes.org/pmwiki/pmwiki.php/Film/GodzillaVsBiollante
Godzilla vs. King Ghidorah,https://tvtropes.org/pmwiki/pmwiki.php/Film/GodzillaVsKingGhidorah
Godzilla and Mothra: The Battle for Earth,https://tvtropes.org/pmwiki/pmwiki.php/Film/GodzillaAndMothraTheBattleForEarth
Godzilla vs. Mechagodzilla II,https://tvtropes.org/pmwiki/pmwiki.php/Film/GodzillaVsMechagodzillaII
Godzilla Vs Spacegodzilla,https://tvtropes.org/pmwiki/pmwiki.php/Film/GodzillaVsSpacegodzilla
Godzilla vs. Destoroyah,https://tvtropes.org/pmwiki/pmwiki.php/Film/GodzillaVsDestoroyah
Godzilla (1998),https://tvtropes.org/pmwiki/pmwiki.php/Film/Godzilla1998
Godzilla 2000,https://tvtropes.org/pmwiki/pmwiki.php/Film/Godzilla2000
Godzilla vs. Megaguirus,https://tvtropes.org/pmwiki/pmwiki.php/Film/GodzillaVsMegaguirus
"Godzilla, Mothra, King Ghidorah: Giant Monsters All-Out Attack!",https://tvtropes.org/pmwiki/pmwiki.php/Film/GodzillaMothraKingGhidorahGiantMonstersAllOutAttack
Godzilla Against Mechagodzilla,https://tvtropes.org/pmwiki/pmwiki.php/Film/GodzillaAgainstMechagodzilla
Godzilla: Tokyo S.O.S.,https://tvtropes.org/pmwiki/pmwiki.php/Film/GodzillaTokyoSOS
Godzilla: Final Wars,https://tvtropes.org/pmwiki/pmwiki.php/Film/GodzillaFinalWars
Godzilla (2014),https://tvtropes.org/pmwiki/pmwiki.php/Film/Godzilla2014
Shin Godzilla,https://tvtropes.org/pmwiki/pmwiki.php/Film/ShinGodzilla
Godzilla: King of the Monsters (2019),https://tvtropes.org/pmwiki/pmwiki.php/Film/GodzillaKingOfTheMonsters2019
Godzilla vs. Kong,https://tvtropes.org/pmwiki/pmwiki.php/Film/GodzillaVsKong
Godzilla x Kong: The New Empire,https://tvtropes.org/pmwiki/pmwiki.php/Film/GodzillaXKongTheNewEmpire
Godzilla vs. Hedorah (2021),https://tvtropes.org/pmwiki/pmwiki.php/Film/GodzillaVsHedorah2021
Mothra,https://tvtropes.org/pmwiki/pmwiki.php/Film/Mothra
Rebirth of Mothra,https://tvtropes.org/pmwiki/pmwiki.php/Film/RebirthOfMothra
Rebirth of Mothra 2,https://tvtropes.org/pmwiki/pmwiki.php/Film/RebirthOfMothra2
Rebirth of Mothra 3,https://tvtropes.org/pmwiki/pmwiki.php/Film/RebirthOfMothra3
Rodan,https://tvtropes.org/pmwiki/pmwiki.php/Film/Rodan
Space Amoeba,https://tvtropes.org/pmwiki/pmwiki.php/Film/SpaceAmoeba
"Varan, the Unbelievable",https://tvtropes.org/pmwiki/pmwiki.php/Film/VaranTheUnbelievable
Frankenstein Conquers the World,https://tvtropes.org/pmwiki/pmwiki.php/Film/FrankensteinConquersTheWorld
War of the Gargantuas,https://tvtropes.org/pmwiki/pmwiki.php/Film/WarOfTheGargantuas
Dogora,https://tvtropes.org/pmwiki/pmwiki.php/Film/Dogora
Gorgo,https://tvtropes.org/pmwiki/pmwiki.php/Film/Gorgo
The Host (2006),https://tvtropes.org/pmwiki/pmwiki.php/Film/TheHost2006
Howl From Beyond The Fog,https://tvtropes.org/pmwiki/pmwiki.php/Film/HowlFromBeyondTheFog
It Came from Beneath the Sea,https://tvtropes.org/pmwiki/pmwiki.php/Film/ItCameFromBeneathTheSea
King Kong (1933),https://tvtropes.org/pmwiki/pmwiki.php/Film/KingKong1933
King Kong (1976),https://tvtropes.org/pmwiki/pmwiki.php/Film/KingKong1976
King Kong (2005),https://tvtropes.org/pmwiki/pmwiki.php/Film/KingKong2005
King Kong Escapes,https://tvtropes.org/pmwiki/pmwiki.php/Film/KingKongEscapes
King Kong Lives,https://tvtropes.org/pmwiki/pmwiki.php/Film/KingKongLives
King Kong vs. Godzilla,https://tvtropes.org/pmwiki/pmwiki.php/Film/KingKongVsGodzilla
Kong: Skull Island,https://tvtropes.org/pmwiki/pmwiki.php/Film/KongSkullIsland
Godzilla vs. Kong,https://tvtropes.org/pmwiki/pmwiki.php/Film/GodzillaVsKong
Godzilla x Kong: The New Empire,https://tvtropes.org/pmwiki/pmwiki.php/Film/GodzillaXKongTheNewEmpire
Kaiju Mono,https://tvtropes.org/pmwiki/pmwiki.php/Film/KaijuMono
Konga,https://tvtropes.org/pmwiki/pmwiki.php/Film/Konga
The Last Dinosaur,https://tvtropes.org/pmwiki/pmwiki.php/Film/TheLastDinosaur
Legend of Dinosaurs and Monster Birds,https://tvtropes.org/pmwiki/pmwiki.php/Film/LegendOfDinosaursAndMonsterBirds
The Lost World,https://tvtropes.org/pmwiki/pmwiki.php/Film/TheLostWorld
Mega Shark vs. Giant Octopus,https://tvtropes.org/pmwiki/pmwiki.php/Film/MegaSharkVsGiantOctopus
The Mighty Peking Man,https://tvtropes.org/pmwiki/pmwiki.php/Film/TheMightyPekingMan
Monster Island (2019),https://tvtropes.org/pmwiki/pmwiki.php/Film/MonsterIsland2019
The Monster That Challenged the World,https://tvtropes.org/pmwiki/pmwiki.php/Film/TheMonsterThatChallengedTheWorld
Godzilla (2014),https://tvtropes.org/pmwiki/pmwiki.php/Film/Godzilla2014
Kong: Skull Island,https://tvtropes.org/pmwiki/pmwiki.php/Film/KongSkullIsland
Godzilla: King of the Monsters (2019),https://tvtropes.org/pmwiki/pmwiki.php/Film/GodzillaKingOfTheMonsters2019
Godzilla vs. Kong,https://tvtropes.org/pmwiki/pmwiki.php/Film/GodzillaVsKong
Godzilla x Kong: The New Empire,https://tvtropes.org/pmwiki/pmwiki.php/Film/GodzillaXKongTheNewEmpire
Queen Kong,https://tvtropes.org/pmwiki/pmwiki.php/Film/QueenKong
Pacific Rim,https://tvtropes.org/pmwiki/pmwiki.php/Film/PacificRim
Pacific Rim: Uprising,https://tvtropes.org/pmwiki/pmwiki.php/Film/PacificRimUprising
Q: The Winged Serpent,https://tvtropes.org/pmwiki/pmwiki.php/Film/QTheWingedSerpent
Rampage (2018),https://tvtropes.org/pmwiki/pmwiki.php/Film/Rampage2018
Reigo King Of The Sea Monsters,https://tvtropes.org/pmwiki/pmwiki.php/Film/ReigoKingOfTheSeaMonsters
Raiga God Of The Monsters,https://tvtropes.org/pmwiki/pmwiki.php/Film/RaigaGodOfTheMonsters
God Raiga Vs King Ohga War Of The Monsters,https://tvtropes.org/pmwiki/pmwiki.php/Film/GodRaigaVsKingOhgaWarOfTheMonsters
Reptilicus,https://tvtropes.org/pmwiki/pmwiki.php/Film/Reptilicus
Space Monster Wangmagwi,https://tvtropes.org/pmwiki/pmwiki.php/Film/SpaceMonsterWangmagwi
The Super Inframan,https://tvtropes.org/pmwiki/pmwiki.php/Film/TheSuperInframan
Tah Tien,https://tvtropes.org/pmwiki/pmwiki.php/Film/TahTien
Tarantula!,https://tvtropes.org/pmwiki/pmwiki.php/Film/Tarantula
Them!,https://tvtropes.org/pmwiki/pmwiki.php/Film/Them
Troll (2022),https://tvtropes.org/pmwiki/pmwiki.php/Film/Troll2022
Ultraman Story,https://tvtropes.org/pmwiki/pmwiki.php/Film/UltramanStory
Hanuman vs. 7 Ultraman,https://tvtropes.org/pmwiki/pmwiki.php/Film/HanumanVs7Ultraman
Space Warriors 2000,https://tvtropes.org/pmwiki/pmwiki.php/Film/SpaceWarriors2000
Ultra Q The Movie: Legend of the Stars,https://tvtropes.org/pmwiki/pmwiki.php/Film/UltraQTheMovieLegendOfTheStars
Ultraman Zearth,https://tvtropes.org/pmwiki/pmwiki.php/Film/UltramanZearth
Ultraman Tiga and Ultraman Dyna: Warriors of the Star of Light,https://tvtropes.org/pmwiki/pmwiki.php/Film/UltramanTigaAndUltramanDynaWarriorsOfTheStarOfLight
Ultraman Gaia: The Battle In Hyperspace,https://tvtropes.org/pmwiki/pmwiki.php/Film/UltramanGaiaTheBattleInHyperspace
Ultraman Tiga: The Final Odyssey,https://tvtropes.org/pmwiki/pmwiki.php/Film/UltramanTigaTheFinalOdyssey
Ultraman Tiga Gaiden: Revival of the Ancient Giant,https://tvtropes.org/pmwiki/pmwiki.php/Film/UltramanTigaGaidenRevivalOfTheAncientGiant
Ultraman Dyna: The Return Of Hanejiro,https://tvtropes.org/pmwiki/pmwiki.php/Film/UltramanDynaTheReturnOfHanejiro
Ultraman Gaia: Once Again Gaia,https://tvtropes.org/pmwiki/pmwiki.php/Film/UltramanGaiaOnceAgainGaia
Ultraman Cosmos: The First Contact,https://tvtropes.org/pmwiki/pmwiki.php/Film/UltramanCosmosTheFirstContact
Ultraman Cosmos 2: The Blue Planet,https://tvtropes.org/pmwiki/pmwiki.php/Film/UltramanCosmos2TheBluePlanet
Ultraman Cosmos vs. Ultraman Justice: The Final Battle,https://tvtropes.org/pmwiki/pmwiki.php/Film/UltramanCosmosVsUltramanJusticeTheFinalBattle
Ultraman: The Next,https://tvtropes.org/pmwiki/pmwiki.php/Film/UltramanTheNext
Ultraman Mebius and the Ultra Brothers,https://tvtropes.org/pmwiki/pmwiki.php/Film/UltramanMebiusAndTheUltraBrothers
Superior Ultraman 8 Brothers,https://tvtropes.org/pmwiki/pmwiki.php/Film/SuperiorUltraman8Brothers
Mega Monster Battle: Ultra Galaxy Legends,https://tvtropes.org/pmwiki/pmwiki.php/Film/MegaMonsterBattleUltraGalaxyLegends
Ultraman Zero: The Revenge of Belial,https://tvtropes.org/pmwiki/pmwiki.php/Film/UltramanZeroTheRevengeOfBelial
Ultraman Saga,https://tvtropes.org/pmwiki/pmwiki.php/Film/UltramanSaga
Ultraman Ginga S The Movie: Showdown! The 10 Ultra Warriors!,https://tvtropes.org/pmwiki/pmwiki.php/Film/UltramanGingaSTheMovieShowdownThe10UltraBrothers
Ultraman X The Movie: Here Comes! Our Ultraman!,https://tvtropes.org/pmwiki/pmwiki.php/Film/UltramanXTheMovieHereComesOurUltraman
Ultraman Orb The Movie: Lend Me the Power of Bonds!,https://tvtropes.org/pmwiki/pmwiki.php/Film/UltramanOrbTheMovieLendMeThePowerOfBonds
Ultraman Geed The Movie: Connect The Wishes!,https://tvtropes.org/pmwiki/pmwiki.php/Film/UltramanGeedTheMovieConnectThemTheWishes
Ultraman R/B The Movie: Select! The Crystal of Bond,https://tvtropes.org/pmwiki/pmwiki.php/Film/UltramanRBTheMovieSelectTheCrystalOfBond
Ultraman Taiga The Movie: New Generation Climax,https://tvtropes.org/pmwiki/pmwiki.php/Film/UltramanTaigaTheMovieNewGenerationClimax
Ultraman Trigger: New Generation Tiga: The Movie: Episode Z,https://tvtropes.org/pmwiki/pmwiki.php/Film/UltramanTriggerNewGenerationTigaTheMovieEpisodeZ
Ultraman Decker Finale: Journey to Beyond,https://tvtropes.org/pmwiki/pmwiki.php/Film/UltramanDeckerFinaleJourneyToBeyond
Shin Ultraman,https://tvtropes.org/pmwiki/pmwiki.php/Film/ShinUltraman
War God,https://tvtropes.org/pmwiki/pmwiki.php/Film/WarGod
War of the God Monsters,https://tvtropes.org/pmwiki/pmwiki.php/Film/WarOfTheGodMonsters
The X From Outer Space,https://tvtropes.org/pmwiki/pmwiki.php/Film/TheXFromOuterSpace
Yongary: Monster from the Deep,https://tvtropes.org/pmwiki/pmwiki.php/Film/YongaryMonsterFromTheDeep
Gurral the Smasher,https://tvtropes.org/pmwiki/pmwiki.php/Webcomic/GurralTheSmasher
Sleipnir Equine Invader From Jupiter,https://tvtropes.org/pmwiki/pmwiki.php/Webcomic/SleipnirEquineInvaderFromJupiter
Tuesday Titans,https://tvtropes.org/pmwiki/pmwiki.php/Webcomic/TuesdayTitans
Batman Unlimited: Mechs Vs. Mutants,https://tvtropes.org/pmwiki/pmwiki.php/WesternAnimation/BatmanUnlimitedMechsVsMutants
Firebreather,https://tvtropes.org/pmwiki/pmwiki.php/WesternAnimation/Firebreather
Monsters vs. Aliens,https://tvtropes.org/pmwiki/pmwiki.php/WesternAnimation/MonstersVsAliens
NIMONA (2023),https://tvtropes.org/pmwiki/pmwiki.php/WesternAnimation/Nimona2023
"Ruby Gillman, Teenage Kraken",https://tvtropes.org/pmwiki/pmwiki.php/WesternAnimation/RubyGillmanTeenageKraken
Rumble,https://tvtropes.org/pmwiki/pmwiki.php/WesternAnimation/Rumble
The Sea Beast,https://tvtropes.org/pmwiki/pmwiki.php/WesternAnimation/TheSeaBeast
Turning Red,https://tvtropes.org/pmwiki/pmwiki.php/WesternAnimation/TurningRed
The Godzilla Power Hour,https://tvtropes.org/pmwiki/pmwiki.php/WesternAnimation/TheGodzillaPowerHour
Godzilla: The Series,https://tvtropes.org/pmwiki/pmwiki.php/WesternAnimation/GodzillaTheSeries
Kaijudo,https://tvtropes.org/pmwiki/pmwiki.php/WesternAnimation/Kaijudo
The King Kong Show,https://tvtropes.org/pmwiki/pmwiki.php/WesternAnimation/TheKingKongShow
Kong: King of the Apes,https://tvtropes.org/pmwiki/pmwiki.php/WesternAnimation/KongKingOfTheApes
Kong: The Animated Series,https://tvtropes.org/pmwiki/pmwiki.php/WesternAnimation/KongTheAnimatedSeries
Skull Island (2023),https://tvtropes.org/pmwiki/pmwiki.php/WesternAnimation/SkullIsland2023
Sym-Bionic Titan,https://tvtropes.org/pmwiki/pmwiki.php/WesternAnimation/SymBionicTitan
Kaijudo,https://tvtropes.org/pmwiki/pmwiki.php/TabletopGame/Kaijudo
King of Tokyo,https://tvtropes.org/pmwiki/pmwiki.php/TabletopGame/KingOfTokyo
Monsterpocalypse,https://tvtropes.org/pmwiki/pmwiki.php/TabletopGame/Monsterpocalypse
Pachimon,https://tvtropes.org/pmwiki/pmwiki.php/TabletopGame/Pachimon
Godzilland,https://tvtropes.org/pmwiki/pmwiki.php/Series/Godzilland
Genseishin Justiriser,https://tvtropes.org/pmwiki/pmwiki.php/Series/GenseishinJustiriser
Godzilla Island,https://tvtropes.org/pmwiki/pmwiki.php/Series/GodzillaIsland
Ultra Q,https://tvtropes.org/pmwiki/pmwiki.php/Series/UltraQ
Ultra Q Dark Fantasy,https://tvtropes.org/pmwiki/pmwiki.php/Series/UltraQDarkFantasy
Neo Ultra Q,https://tvtropes.org/pmwiki/pmwiki.php/Series/NeoUltraQ
Ultraman,https://tvtropes.org/pmwiki/pmwiki.php/Series/Ultraman
Ultraseven,https://tvtropes.org/pmwiki/pmwiki.php/Series/Ultraseven
Heisei Ultraseven,https://tvtropes.org/pmwiki/pmwiki.php/Series/HeiseiUltraseven
Ultraseven X,https://tvtropes.org/pmwiki/pmwiki.php/Series/UltrasevenX
Ultraman Ace,https://tvtropes.org/pmwiki/pmwiki.php/Series/UltramanAce
Ultraman Taro,https://tvtropes.org/pmwiki/pmwiki.php/Series/UltramanTaro
Ultraman Leo,https://tvtropes.org/pmwiki/pmwiki.php/Series/UltramanLeo
Ultraman 80,https://tvtropes.org/pmwiki/pmwiki.php/Series/UltramanEighty
Ultraman: Towards the Future,https://tvtropes.org/pmwiki/pmwiki.php/Series/UltramanTowardsTheFuture
Ultraman: The Ultimate Hero,https://tvtropes.org/pmwiki/pmwiki.php/Series/UltramanTheUltimateHero
Ultraman Tiga,https://tvtropes.org/pmwiki/pmwiki.php/Series/UltramanTiga
Ultraman Dyna,https://tvtropes.org/pmwiki/pmwiki.php/Series/UltramanDyna
Ultraman Gaia,https://tvtropes.org/pmwiki/pmwiki.php/Series/UltramanGaia
Ultraman Neos,https://tvtropes.org/pmwiki/pmwiki.php/Series/UltramanNeos
Ultraman Cosmos,https://tvtropes.org/pmwiki/pmwiki.php/Series/UltramanCosmos
Ultraman Nexus,https://tvtropes.org/pmwiki/pmwiki.php/Series/UltramanNexus
Ultraman Max,https://tvtropes.org/pmwiki/pmwiki.php/Series/UltramanMax
Ultraman Mebius,https://tvtropes.org/pmwiki/pmwiki.php/Series/UltramanMebius
Ultraman Mebius Gaiden,https://tvtropes.org/pmwiki/pmwiki.php/Series/UltramanMebiusGaiden
Ultra Galaxy Mega Monster Battle,https://tvtropes.org/pmwiki/pmwiki.php/Series/UltraGalaxyMegaMonsterBattle
Ultra Zero Fight,https://tvtropes.org/pmwiki/pmwiki.php/Series/UltraZeroFight
Ultraman Ginga,https://tvtropes.org/pmwiki/pmwiki.php/Series/UltramanGinga
Ultraman X,https://tvtropes.org/pmwiki/pmwiki.php/Series/UltramanX
Ultraman Orb,https://tvtropes.org/pmwiki/pmwiki.php/Series/UltramanOrb
Ultraman Orb: The Origin Saga,https://tvtropes.org/pmwiki/pmwiki.php/Series/UltramanOrbTheOriginSaga
Ultra Fight Orb,https://tvtropes.org/pmwiki/pmwiki.php/Series/UltraFightOrb
Ultraman Geed,https://tvtropes.org/pmwiki/pmwiki.php/Series/UltramanGeed
Ultraman R/B,https://tvtropes.org/pmwiki/pmwiki.php/Series/UltramanRB
Ultra Galaxy Fight: New Generation Heroes,https://tvtropes.org/pmwiki/pmwiki.php/Series/UltraGalaxyFightNewGenerationHeroes
Ultraman Taiga,https://tvtropes.org/pmwiki/pmwiki.php/Series/UltramanTaiga
Ultraman Z,https://tvtropes.org/pmwiki/pmwiki.php/Series/UltramanZ
Ultra Galaxy Fight: The Absolute Conspiracy,https://tvtropes.org/pmwiki/pmwiki.php/Series/UltraGalaxyFightTheAbsoluteConspiracy
Sevenger Fight,https://tvtropes.org/pmwiki/pmwiki.php/Series/SevengerFight
Ultraman Trigger: New Generation Tiga,https://tvtropes.org/pmwiki/pmwiki.php/Series/UltramanTriggerNewGenerationTiga
Ultra Galaxy Fight: The Destined Crossroad,https://tvtropes.org/pmwiki/pmwiki.php/Series/UltraGalaxyFightTheDestinedCrossroad
Ultraman Decker,https://tvtropes.org/pmwiki/pmwiki.php/Series/UltramanDecker
Ultraman Blazar,https://tvtropes.org/pmwiki/pmwiki.php/Series/UltramanBlazar
Mirrorman,https://tvtropes.org/pmwiki/pmwiki.php/Series/Mirrorman
Jumborg Ace,https://tvtropes.org/pmwiki/pmwiki.php/Series/JumborgAce
Redman,https://tvtropes.org/pmwiki/pmwiki.php/Series/Redman
Dinosaur War Izenborg,https://tvtropes.org/pmwiki/pmwiki.php/Series/TsuburayaDinosaurTrilogy
Fireman,https://tvtropes.org/pmwiki/pmwiki.php/Series/Fireman
Denkō Chōjin Gridman,https://tvtropes.org/pmwiki/pmwiki.php/Series/DenkouChoujinGridman
Bio Planet WoO,https://tvtropes.org/pmwiki/pmwiki.php/Series/BioPlanetWoO
Attack of the Friday Monsters! A Tokyo Tale,https://tvtropes.org/pmwiki/pmwiki.php/VideoGame/AttackOfTheFridayMonstersATokyoTale
Colossal Kaiju Combat!,https://tvtropes.org/pmwiki/pmwiki.php/VideoGame/ColossalKaijuCombat
Colossatron: Massive World Threat,https://tvtropes.org/pmwiki/pmwiki.php/VideoGame/ColossatronMassiveWorldThreat
"Crush, Crumble, and Chomp!",https://tvtropes.org/pmwiki/pmwiki.php/VideoGame/CrushCrumbleAndChomp
Daikaiju Daikessen,https://tvtropes.org/pmwiki/pmwiki.php/VideoGame/DaikaijuDaikessen
Dawn of the Monsters,https://tvtropes.org/pmwiki/pmwiki.php/VideoGame/DawnOfTheMonsters
Earth Defense Force,https://tvtropes.org/pmwiki/pmwiki.php/VideoGame/EarthDefenseForce
Extinction,https://tvtropes.org/pmwiki/pmwiki.php/VideoGame/Extinction
Giga Bash,https://tvtropes.org/pmwiki/pmwiki.php/VideoGame/GigaBash
Gigapocalypse,https://tvtropes.org/pmwiki/pmwiki.php/VideoGame/Gigapocalypse
Godzilla: Monster of Monsters!,https://tvtropes.org/pmwiki/pmwiki.php/VideoGame/GodzillaMonsterOfMonsters
Pipe Works Godzilla Trilogy,https://tvtropes.org/pmwiki/pmwiki.php/VideoGame/PipeWorksGodzillaTrilogy
Godzilla,https://tvtropes.org/pmwiki/pmwiki.php/VideoGame/Godzilla
The Movie Monster Game,https://tvtropes.org/pmwiki/pmwiki.php/VideoGame/TheMovieMonsterGame
Hakaiou: King of Crusher,https://tvtropes.org/pmwiki/pmwiki.php/VideoGame/HakaiouKingOfCrusher
Kaiju A Gogo,https://tvtropes.org/pmwiki/pmwiki.php/VideoGame/KaijuAGogo
King of the Monsters,https://tvtropes.org/pmwiki/pmwiki.php/VideoGame/KingOfTheMonsters
Mechs V Kaijus,https://tvtropes.org/pmwiki/pmwiki.php/VideoGame/MechsVKaijus
Mega,https://tvtropes.org/pmwiki/pmwiki.php/VideoGame/Mega
Rampage,https://tvtropes.org/pmwiki/pmwiki.php/VideoGame/Rampage
Terror of Hemasaurus,https://tvtropes.org/pmwiki/pmwiki.php/VideoGame/TerrorOfHemasaurus
Monster Rancher,https://tvtropes.org/pmwiki/pmwiki.php/VideoGame/MonsterRancher
Ultra Toukon Densetsu,https://tvtropes.org/pmwiki/pmwiki.php/VideoGame/UltraToukonDensetsu
Ultra X Weapons,https://tvtropes.org/pmwiki/pmwiki.php/VideoGame/UltraXWeapons
War of the Monsters,https://tvtropes.org/pmwiki/pmwiki.php/VideoGame/WarOfTheMonsters
Godzilla vs. Evangelion: The Real 4-D,https://tvtropes.org/pmwiki/pmwiki.php/Ride/GodzillaVsEvangelionTheReal4D
