text,url,source_url
Mazinger Z,https://tvtropes.org/pmwiki/pmwiki.php/Anime/MazingerZ,https://tvtropes.org/pmwiki/pmwiki.php/Mohs/ScienceInGenreOnly
Tengen Toppa Gurren Lagann,https://tvtropes.org/pmwiki/pmwiki.php/Anime/TengenToppaGurrenLagann,https://tvtropes.org/pmwiki/pmwiki.php/Mohs/ScienceInGenreOnly
Puella Magi Madoka Magica,https://tvtropes.org/pmwiki/pmwiki.php/Anime/PuellaMagiMadokaMagica,https://tvtropes.org/pmwiki/pmwiki.php/Mohs/ScienceInGenreOnly
Dragon Ball,https://tvtropes.org/pmwiki/pmwiki.php/Manga/DragonBall,https://tvtropes.org/pmwiki/pmwiki.php/Mohs/ScienceInGenreOnly
Undefeated Bahamut Chronicle,https://tvtropes.org/pmwiki/pmwiki.php/Literature/UndefeatedBahamutChronicle,https://tvtropes.org/pmwiki/pmwiki.php/Mohs/ScienceInGenreOnly
The Giver,https://tvtropes.org/pmwiki/pmwiki.php/Literature/TheGiver,https://tvtropes.org/pmwiki/pmwiki.php/Mohs/ScienceInGenreOnly
John Carter of Mars,https://tvtropes.org/pmwiki/pmwiki.php/Literature/JohnCarterOfMars,https://tvtropes.org/pmwiki/pmwiki.php/Mohs/ScienceInGenreOnly
The Machineries of Empire,https://tvtropes.org/pmwiki/pmwiki.php/Literature/TheMachineriesOfEmpire,https://tvtropes.org/pmwiki/pmwiki.php/Mohs/ScienceInGenreOnly
Redshirts,https://tvtropes.org/pmwiki/pmwiki.php/Literature/Redshirts,https://tvtropes.org/pmwiki/pmwiki.php/Mohs/ScienceInGenreOnly
The Space Trilogy,https://tvtropes.org/pmwiki/pmwiki.php/Literature/TheSpaceTrilogy,https://tvtropes.org/pmwiki/pmwiki.php/Mohs/ScienceInGenreOnly
Out of the Silent Planet,https://tvtropes.org/pmwiki/pmwiki.php/Literature/OutOfTheSilentPlanet,https://tvtropes.org/pmwiki/pmwiki.php/Mohs/ScienceInGenreOnly
Perelandra,https://tvtropes.org/pmwiki/pmwiki.php/Literature/Perelandra,https://tvtropes.org/pmwiki/pmwiki.php/Mohs/ScienceInGenreOnly
That Hideous Strength,https://tvtropes.org/pmwiki/pmwiki.php/Literature/ThatHideousStrength,https://tvtropes.org/pmwiki/pmwiki.php/Mohs/ScienceInGenreOnly
Homestuck,https://tvtropes.org/pmwiki/pmwiki.php/Webcomic/Homestuck,https://tvtropes.org/pmwiki/pmwiki.php/Mohs/ScienceInGenreOnly
Ellie on Planet X,https://tvtropes.org/pmwiki/pmwiki.php/Webcomic/EllieOnPlanetX,https://tvtropes.org/pmwiki/pmwiki.php/Mohs/ScienceInGenreOnly
To Boldly Flee,https://tvtropes.org/pmwiki/pmwiki.php/WebVideo/ToBoldlyFlee,https://tvtropes.org/pmwiki/pmwiki.php/Mohs/ScienceInGenreOnly
SCP Foundation,https://tvtropes.org/pmwiki/pmwiki.php/Website/SCPFoundation,https://tvtropes.org/pmwiki/pmwiki.php/Mohs/ScienceInGenreOnly
BZPower,https://tvtropes.org/pmwiki/pmwiki.php/Website/BZPower,https://tvtropes.org/pmwiki/pmwiki.php/Mohs/ScienceInGenreOnly
Scott Manley,https://tvtropes.org/pmwiki/pmwiki.php/LetsPlay/ScottManley,https://tvtropes.org/pmwiki/pmwiki.php/Mohs/ScienceInGenreOnly
Futurama,https://tvtropes.org/pmwiki/pmwiki.php/WesternAnimation/Futurama,https://tvtropes.org/pmwiki/pmwiki.php/Mohs/ScienceInGenreOnly
Cloudy with a Chance of Meatballs,https://tvtropes.org/pmwiki/pmwiki.php/WesternAnimation/CloudyWithAChanceOfMeatballs,https://tvtropes.org/pmwiki/pmwiki.php/Mohs/ScienceInGenreOnly
Phineas and Ferb,https://tvtropes.org/pmwiki/pmwiki.php/WesternAnimation/PhineasAndFerb,https://tvtropes.org/pmwiki/pmwiki.php/Mohs/ScienceInGenreOnly
"Warhammer 40,000",https://tvtropes.org/pmwiki/pmwiki.php/TabletopGame/Warhammer40000,https://tvtropes.org/pmwiki/pmwiki.php/Mohs/ScienceInGenreOnly
Metamorphosis Alpha,https://tvtropes.org/pmwiki/pmwiki.php/TabletopGame/MetamorphosisAlpha,https://tvtropes.org/pmwiki/pmwiki.php/Mohs/ScienceInGenreOnly
Dungeons & Dragons,https://tvtropes.org/pmwiki/pmwiki.php/TabletopGame/DungeonsAndDragons,https://tvtropes.org/pmwiki/pmwiki.php/Mohs/ScienceInGenreOnly
Gamma World,https://tvtropes.org/pmwiki/pmwiki.php/TabletopGame/GammaWorld,https://tvtropes.org/pmwiki/pmwiki.php/Mohs/ScienceInGenreOnly
Mystery Science Theater 3000,https://tvtropes.org/pmwiki/pmwiki.php/Series/MysteryScienceTheater3000,https://tvtropes.org/pmwiki/pmwiki.php/Mohs/ScienceInGenreOnly
Kamen Rider Drive,https://tvtropes.org/pmwiki/pmwiki.php/Series/KamenRiderDrive,https://tvtropes.org/pmwiki/pmwiki.php/Mohs/ScienceInGenreOnly
Battlestar Galactica,https://tvtropes.org/pmwiki/pmwiki.php/Series/BattlestarGalactica1978,https://tvtropes.org/pmwiki/pmwiki.php/Mohs/ScienceInGenreOnly
Doctor Who,https://tvtropes.org/pmwiki/pmwiki.php/Series/DoctorWho,https://tvtropes.org/pmwiki/pmwiki.php/Mohs/ScienceInGenreOnly
MST3K,https://tvtropes.org/pmwiki/pmwiki.php/Series/MysteryScienceTheater3000,https://tvtropes.org/pmwiki/pmwiki.php/Mohs/ScienceInGenreOnly
MST3K,https://tvtropes.org/pmwiki/pmwiki.php/Series/MysteryScienceTheater3000,https://tvtropes.org/pmwiki/pmwiki.php/Mohs/ScienceInGenreOnly
,https://tvtropes.org/pmwiki/pmwiki.php/VideoGame/PinballQuest,https://tvtropes.org/pmwiki/pmwiki.php/Mohs/ScienceInGenreOnly
Super Mario Galaxy,https://tvtropes.org/pmwiki/pmwiki.php/VideoGame/SuperMarioGalaxy,https://tvtropes.org/pmwiki/pmwiki.php/Mohs/ScienceInGenreOnly
Super Mario Galaxy 2,https://tvtropes.org/pmwiki/pmwiki.php/VideoGame/SuperMarioGalaxy2,https://tvtropes.org/pmwiki/pmwiki.php/Mohs/ScienceInGenreOnly
Age of Wonders: Planetfall,https://tvtropes.org/pmwiki/pmwiki.php/VideoGame/AgeOfWondersPlanetfall,https://tvtropes.org/pmwiki/pmwiki.php/Mohs/ScienceInGenreOnly
BIONICLE,https://tvtropes.org/pmwiki/pmwiki.php/Toys/Bionicle,https://tvtropes.org/pmwiki/pmwiki.php/Mohs/ScienceInGenreOnly
Macross,https://tvtropes.org/pmwiki/pmwiki.php/Anime/Macross,https://tvtropes.org/pmwiki/pmwiki.php/Mohs/WorldOfPhlebotinum
Neon Genesis Evangelion,https://tvtropes.org/pmwiki/pmwiki.php/Anime/NeonGenesisEvangelion,https://tvtropes.org/pmwiki/pmwiki.php/Mohs/WorldOfPhlebotinum
Neon Genesis Evangelion,https://tvtropes.org/pmwiki/pmwiki.php/Anime/NeonGenesisEvangelion,https://tvtropes.org/pmwiki/pmwiki.php/Mohs/WorldOfPhlebotinum
Outlanders,https://tvtropes.org/pmwiki/pmwiki.php/Manga/Outlanders,https://tvtropes.org/pmwiki/pmwiki.php/Mohs/WorldOfPhlebotinum
,https://tvtropes.org/pmwiki/pmwiki.php/Literature/MartinBeck,https://tvtropes.org/pmwiki/pmwiki.php/Mohs/WorldOfPhlebotinum
Celestial Matters,https://tvtropes.org/pmwiki/pmwiki.php/Literature/CelestialMatters,https://tvtropes.org/pmwiki/pmwiki.php/Mohs/WorldOfPhlebotinum
Skylark of Space,https://tvtropes.org/pmwiki/pmwiki.php/Literature/SkylarkSeries,https://tvtropes.org/pmwiki/pmwiki.php/Mohs/WorldOfPhlebotinum
Foundation Series,https://tvtropes.org/pmwiki/pmwiki.php/Literature/FoundationSeries,https://tvtropes.org/pmwiki/pmwiki.php/Mohs/WorldOfPhlebotinum
Animorphs,https://tvtropes.org/pmwiki/pmwiki.php/Literature/Animorphs,https://tvtropes.org/pmwiki/pmwiki.php/Mohs/WorldOfPhlebotinum
Orion: First Encounter,https://tvtropes.org/pmwiki/pmwiki.php/Literature/OrionFirstEncounter,https://tvtropes.org/pmwiki/pmwiki.php/Mohs/WorldOfPhlebotinum
Lensman,https://tvtropes.org/pmwiki/pmwiki.php/Literature/Lensman,https://tvtropes.org/pmwiki/pmwiki.php/Mohs/WorldOfPhlebotinum
A Miracle of Science,https://tvtropes.org/pmwiki/pmwiki.php/Webcomic/AMiracleOfScience,https://tvtropes.org/pmwiki/pmwiki.php/Mohs/WorldOfPhlebotinum
El Goonish Shive,https://tvtropes.org/pmwiki/pmwiki.php/Webcomic/ElGoonishShive,https://tvtropes.org/pmwiki/pmwiki.php/Mohs/WorldOfPhlebotinum
Rick and Morty,https://tvtropes.org/pmwiki/pmwiki.php/WesternAnimation/RickAndMorty,https://tvtropes.org/pmwiki/pmwiki.php/Mohs/WorldOfPhlebotinum
Rocket Age,https://tvtropes.org/pmwiki/pmwiki.php/TabletopGame/RocketAge,https://tvtropes.org/pmwiki/pmwiki.php/Mohs/WorldOfPhlebotinum
Farscape,https://tvtropes.org/pmwiki/pmwiki.php/Series/Farscape,https://tvtropes.org/pmwiki/pmwiki.php/Mohs/WorldOfPhlebotinum
Star Trek: The Original Series,https://tvtropes.org/pmwiki/pmwiki.php/Series/StarTrekTheOriginalSeries,https://tvtropes.org/pmwiki/pmwiki.php/Mohs/WorldOfPhlebotinum
Star Trek: Voyager,https://tvtropes.org/pmwiki/pmwiki.php/Series/StarTrekVoyager,https://tvtropes.org/pmwiki/pmwiki.php/Mohs/WorldOfPhlebotinum
Halo,https://tvtropes.org/pmwiki/pmwiki.php/VideoGame/Halo,https://tvtropes.org/pmwiki/pmwiki.php/Mohs/WorldOfPhlebotinum
StarCraft,https://tvtropes.org/pmwiki/pmwiki.php/VideoGame/StarCraft,https://tvtropes.org/pmwiki/pmwiki.php/Mohs/WorldOfPhlebotinum
Zone of the Enders,https://tvtropes.org/pmwiki/pmwiki.php/VideoGame/ZoneOfTheEnders,https://tvtropes.org/pmwiki/pmwiki.php/Mohs/WorldOfPhlebotinum
Stellaris,https://tvtropes.org/pmwiki/pmwiki.php/VideoGame/Stellaris,https://tvtropes.org/pmwiki/pmwiki.php/Mohs/WorldOfPhlebotinum
X-COM,https://tvtropes.org/pmwiki/pmwiki.php/VideoGame/XCom,https://tvtropes.org/pmwiki/pmwiki.php/Mohs/WorldOfPhlebotinum
its reboot,https://tvtropes.org/pmwiki/pmwiki.php/VideoGame/XComEnemyUnknown,https://tvtropes.org/pmwiki/pmwiki.php/Mohs/WorldOfPhlebotinum
Divergence Eve,https://tvtropes.org/pmwiki/pmwiki.php/Anime/DivergenceEve,https://tvtropes.org/pmwiki/pmwiki.php/Mohs/PhysicsPlus
Mobile Suit Gundam,https://tvtropes.org/pmwiki/pmwiki.php/Anime/MobileSuitGundam,https://tvtropes.org/pmwiki/pmwiki.php/Mohs/PhysicsPlus
Mobile Suit Gundam 00,https://tvtropes.org/pmwiki/pmwiki.php/Anime/MobileSuitGundam00,https://tvtropes.org/pmwiki/pmwiki.php/Mohs/PhysicsPlus
Mobile Fighter G Gundam,https://tvtropes.org/pmwiki/pmwiki.php/Anime/MobileFighterGGundam,https://tvtropes.org/pmwiki/pmwiki.php/Mohs/PhysicsPlus
Gunbuster,https://tvtropes.org/pmwiki/pmwiki.php/Anime/Gunbuster,https://tvtropes.org/pmwiki/pmwiki.php/Mohs/PhysicsPlus
Battle Angel Alita,https://tvtropes.org/pmwiki/pmwiki.php/Manga/BattleAngelAlita,https://tvtropes.org/pmwiki/pmwiki.php/Mohs/PhysicsPlus
The Five Star Stories,https://tvtropes.org/pmwiki/pmwiki.php/Manga/TheFiveStarStories,https://tvtropes.org/pmwiki/pmwiki.php/Mohs/PhysicsPlus
Dirty Pair,https://tvtropes.org/pmwiki/pmwiki.php/Literature/DirtyPair,https://tvtropes.org/pmwiki/pmwiki.php/Mohs/PhysicsPlus
Uplift,https://tvtropes.org/pmwiki/pmwiki.php/Literature/Uplift,https://tvtropes.org/pmwiki/pmwiki.php/Mohs/PhysicsPlus
The Pentagon War,https://tvtropes.org/pmwiki/pmwiki.php/Literature/ThePentagonWar,https://tvtropes.org/pmwiki/pmwiki.php/Mohs/PhysicsPlus
Starship Troopers,https://tvtropes.org/pmwiki/pmwiki.php/Literature/StarshipTroopers,https://tvtropes.org/pmwiki/pmwiki.php/Mohs/PhysicsPlus
Whateley Universe,https://tvtropes.org/pmwiki/pmwiki.php/Literature/WhateleyUniverse,https://tvtropes.org/pmwiki/pmwiki.php/Mohs/PhysicsPlus
Fine Structure,https://tvtropes.org/pmwiki/pmwiki.php/Literature/FineStructure,https://tvtropes.org/pmwiki/pmwiki.php/Mohs/PhysicsPlus
First Contact Is Bad for You,https://tvtropes.org/pmwiki/pmwiki.php/Literature/FirstContactIsBadForYou,https://tvtropes.org/pmwiki/pmwiki.php/Mohs/PhysicsPlus
Honor Harrington,https://tvtropes.org/pmwiki/pmwiki.php/Literature/HonorHarrington,https://tvtropes.org/pmwiki/pmwiki.php/Mohs/PhysicsPlus
Simon Bloom,https://tvtropes.org/pmwiki/pmwiki.php/Literature/SimonBloom,https://tvtropes.org/pmwiki/pmwiki.php/Mohs/PhysicsPlus
Lensman,https://tvtropes.org/pmwiki/pmwiki.php/Literature/Lensman,https://tvtropes.org/pmwiki/pmwiki.php/Mohs/PhysicsPlus
Skylark Series,https://tvtropes.org/pmwiki/pmwiki.php/Literature/SkylarkSeries,https://tvtropes.org/pmwiki/pmwiki.php/Mohs/PhysicsPlus
Dune (2021),https://tvtropes.org/pmwiki/pmwiki.php/Film/Dune2021,https://tvtropes.org/pmwiki/pmwiki.php/Mohs/PhysicsPlus
Interstellar,https://tvtropes.org/pmwiki/pmwiki.php/Film/Interstellar,https://tvtropes.org/pmwiki/pmwiki.php/Mohs/PhysicsPlus
Schlock Mercenary,https://tvtropes.org/pmwiki/pmwiki.php/Webcomic/SchlockMercenary,https://tvtropes.org/pmwiki/pmwiki.php/Mohs/PhysicsPlus
,https://tvtropes.org/pmwiki/pmwiki.php/VisualNovel/TwelveRiven,https://tvtropes.org/pmwiki/pmwiki.php/Mohs/PhysicsPlus
Battletech,https://tvtropes.org/pmwiki/pmwiki.php/TabletopGame/Battletech,https://tvtropes.org/pmwiki/pmwiki.php/Mohs/PhysicsPlus
GURPS Technomancer,https://tvtropes.org/pmwiki/pmwiki.php/TabletopGame/GURPSTechnomancer,https://tvtropes.org/pmwiki/pmwiki.php/Mohs/PhysicsPlus
Infinite Worlds,https://tvtropes.org/pmwiki/pmwiki.php/TabletopGame/InfiniteWorlds,https://tvtropes.org/pmwiki/pmwiki.php/Mohs/PhysicsPlus
Traveller,https://tvtropes.org/pmwiki/pmwiki.php/TabletopGame/Traveller,https://tvtropes.org/pmwiki/pmwiki.php/Mohs/PhysicsPlus
Battlestar Galactica (2003),https://tvtropes.org/pmwiki/pmwiki.php/Series/BattlestarGalactica2003,https://tvtropes.org/pmwiki/pmwiki.php/Mohs/PhysicsPlus
Star Trek: The Next Generation,https://tvtropes.org/pmwiki/pmwiki.php/Series/StarTrekTheNextGeneration,https://tvtropes.org/pmwiki/pmwiki.php/Mohs/PhysicsPlus
Deep Space Nine,https://tvtropes.org/pmwiki/pmwiki.php/Series/StarTrekDeepSpaceNine,https://tvtropes.org/pmwiki/pmwiki.php/Mohs/PhysicsPlus
Star Trek: The Original Series,https://tvtropes.org/pmwiki/pmwiki.php/Series/StarTrekTheOriginalSeries,https://tvtropes.org/pmwiki/pmwiki.php/Mohs/PhysicsPlus
Andromeda,https://tvtropes.org/pmwiki/pmwiki.php/Series/Andromeda,https://tvtropes.org/pmwiki/pmwiki.php/Mohs/PhysicsPlus
Blue Archive,https://tvtropes.org/pmwiki/pmwiki.php/VideoGame/BlueArchive,https://tvtropes.org/pmwiki/pmwiki.php/Mohs/PhysicsPlus
Command & Conquer,https://tvtropes.org/pmwiki/pmwiki.php/VideoGame/CommandAndConquer,https://tvtropes.org/pmwiki/pmwiki.php/Mohs/PhysicsPlus
Sword of the Stars,https://tvtropes.org/pmwiki/pmwiki.php/VideoGame/SwordOfTheStars,https://tvtropes.org/pmwiki/pmwiki.php/Mohs/PhysicsPlus
Metal Gear,https://tvtropes.org/pmwiki/pmwiki.php/VideoGame/MetalGear,https://tvtropes.org/pmwiki/pmwiki.php/Mohs/PhysicsPlus
Homeworld,https://tvtropes.org/pmwiki/pmwiki.php/VideoGame/Homeworld,https://tvtropes.org/pmwiki/pmwiki.php/Mohs/PhysicsPlus
FTL: Faster Than Light,https://tvtropes.org/pmwiki/pmwiki.php/VideoGame/FTLFasterThanLight,https://tvtropes.org/pmwiki/pmwiki.php/Mohs/PhysicsPlus
Cowboy Bebop,https://tvtropes.org/pmwiki/pmwiki.php/Anime/CowboyBebop,https://tvtropes.org/pmwiki/pmwiki.php/Mohs/OneBigLie
Obsolete,https://tvtropes.org/pmwiki/pmwiki.php/Anime/Obsolete,https://tvtropes.org/pmwiki/pmwiki.php/Mohs/OneBigLie
Patlabor,https://tvtropes.org/pmwiki/pmwiki.php/Anime/Patlabor,https://tvtropes.org/pmwiki/pmwiki.php/Mohs/OneBigLie
Kotoura-san,https://tvtropes.org/pmwiki/pmwiki.php/Manga/KotouraSan,https://tvtropes.org/pmwiki/pmwiki.php/Mohs/OneBigLie
Albedo: Erma Felna EDF,https://tvtropes.org/pmwiki/pmwiki.php/ComicBook/AlbedoErmaFelnaEDF,https://tvtropes.org/pmwiki/pmwiki.php/Mohs/OneBigLie
Watchmen,https://tvtropes.org/pmwiki/pmwiki.php/ComicBook/Watchmen,https://tvtropes.org/pmwiki/pmwiki.php/Mohs/OneBigLie
Against a Dark Background,https://tvtropes.org/pmwiki/pmwiki.php/Literature/AgainstADarkBackground,https://tvtropes.org/pmwiki/pmwiki.php/Mohs/OneBigLie
The Expanse,https://tvtropes.org/pmwiki/pmwiki.php/Literature/TheExpanse,https://tvtropes.org/pmwiki/pmwiki.php/Mohs/OneBigLie
Humanx Commonwealth,https://tvtropes.org/pmwiki/pmwiki.php/Literature/HumanxCommonwealth,https://tvtropes.org/pmwiki/pmwiki.php/Mohs/OneBigLie
Farnham's Freehold,https://tvtropes.org/pmwiki/pmwiki.php/Literature/FarnhamsFreehold,https://tvtropes.org/pmwiki/pmwiki.php/Mohs/OneBigLie
Ilivais X,https://tvtropes.org/pmwiki/pmwiki.php/Literature/IlivaisX,https://tvtropes.org/pmwiki/pmwiki.php/Mohs/OneBigLie
Orthogonal,https://tvtropes.org/pmwiki/pmwiki.php/Literature/Orthogonal,https://tvtropes.org/pmwiki/pmwiki.php/Mohs/OneBigLie
Tempest: A Novel,https://tvtropes.org/pmwiki/pmwiki.php/Literature/TempestANovel,https://tvtropes.org/pmwiki/pmwiki.php/Mohs/OneBigLie
The Caves of Steel,https://tvtropes.org/pmwiki/pmwiki.php/Literature/TheCavesOfSteel,https://tvtropes.org/pmwiki/pmwiki.php/Mohs/OneBigLie
Star Carrier,https://tvtropes.org/pmwiki/pmwiki.php/Literature/StarCarrier,https://tvtropes.org/pmwiki/pmwiki.php/Mohs/OneBigLie
Beggars in Spain,https://tvtropes.org/pmwiki/pmwiki.php/Literature/BeggarsInSpain,https://tvtropes.org/pmwiki/pmwiki.php/Mohs/OneBigLie
Jurassic Park,https://tvtropes.org/pmwiki/pmwiki.php/Literature/JurassicPark,https://tvtropes.org/pmwiki/pmwiki.php/Mohs/OneBigLie
The Andromeda Strain,https://tvtropes.org/pmwiki/pmwiki.php/Literature/TheAndromedaStrain,https://tvtropes.org/pmwiki/pmwiki.php/Mohs/OneBigLie
Sphere,https://tvtropes.org/pmwiki/pmwiki.php/Literature/Sphere,https://tvtropes.org/pmwiki/pmwiki.php/Mohs/OneBigLie
Timeline,https://tvtropes.org/pmwiki/pmwiki.php/Literature/Timeline,https://tvtropes.org/pmwiki/pmwiki.php/Mohs/OneBigLie
The Witling,https://tvtropes.org/pmwiki/pmwiki.php/Literature/TheWitling,https://tvtropes.org/pmwiki/pmwiki.php/Mohs/OneBigLie
Alexis Carew,https://tvtropes.org/pmwiki/pmwiki.php/Literature/AlexisCarew,https://tvtropes.org/pmwiki/pmwiki.php/Mohs/OneBigLie
RCN,https://tvtropes.org/pmwiki/pmwiki.php/Literature/RCN,https://tvtropes.org/pmwiki/pmwiki.php/Mohs/OneBigLie
Ra,https://tvtropes.org/pmwiki/pmwiki.php/Literature/Ra,https://tvtropes.org/pmwiki/pmwiki.php/Mohs/OneBigLie
Aurora (2015),https://tvtropes.org/pmwiki/pmwiki.php/Literature/Aurora2015,https://tvtropes.org/pmwiki/pmwiki.php/Mohs/OneBigLie
Blindsight,https://tvtropes.org/pmwiki/pmwiki.php/Literature/Blindsight,https://tvtropes.org/pmwiki/pmwiki.php/Mohs/OneBigLie
1632,https://tvtropes.org/pmwiki/pmwiki.php/Literature/SixteenThirtyTwo,https://tvtropes.org/pmwiki/pmwiki.php/Mohs/OneBigLie
Mission of Gravity,https://tvtropes.org/pmwiki/pmwiki.php/Literature/MissionOfGravity,https://tvtropes.org/pmwiki/pmwiki.php/Mohs/OneBigLie
The Songs of Distant Earth,https://tvtropes.org/pmwiki/pmwiki.php/Literature/TheSongsOfDistantEarth,https://tvtropes.org/pmwiki/pmwiki.php/Mohs/OneBigLie
Foreigner (1994),https://tvtropes.org/pmwiki/pmwiki.php/Literature/Foreigner1994,https://tvtropes.org/pmwiki/pmwiki.php/Mohs/OneBigLie
Alliance/Union,https://tvtropes.org/pmwiki/pmwiki.php/Literature/AllianceUnion,https://tvtropes.org/pmwiki/pmwiki.php/Mohs/OneBigLie
Chanur Novels,https://tvtropes.org/pmwiki/pmwiki.php/Literature/ChanurNovels,https://tvtropes.org/pmwiki/pmwiki.php/Mohs/OneBigLie
Tau Zero,https://tvtropes.org/pmwiki/pmwiki.php/Literature/TauZero,https://tvtropes.org/pmwiki/pmwiki.php/Mohs/OneBigLie
Great Ship,https://tvtropes.org/pmwiki/pmwiki.php/Literature/GreatShip,https://tvtropes.org/pmwiki/pmwiki.php/Mohs/OneBigLie
Matador,https://tvtropes.org/pmwiki/pmwiki.php/Literature/MatadorSeries,https://tvtropes.org/pmwiki/pmwiki.php/Mohs/OneBigLie
The Rocketeer,https://tvtropes.org/pmwiki/pmwiki.php/Film/TheRocketeer,https://tvtropes.org/pmwiki/pmwiki.php/Mohs/OneBigLie
The Terminator,https://tvtropes.org/pmwiki/pmwiki.php/Film/TheTerminator,https://tvtropes.org/pmwiki/pmwiki.php/Mohs/OneBigLie
Back to the Future,https://tvtropes.org/pmwiki/pmwiki.php/Film/BackToTheFuture,https://tvtropes.org/pmwiki/pmwiki.php/Mohs/OneBigLie
Inception,https://tvtropes.org/pmwiki/pmwiki.php/Film/Inception,https://tvtropes.org/pmwiki/pmwiki.php/Mohs/OneBigLie
Fantastic Voyage,https://tvtropes.org/pmwiki/pmwiki.php/Film/FantasticVoyage,https://tvtropes.org/pmwiki/pmwiki.php/Mohs/OneBigLie
Alien,https://tvtropes.org/pmwiki/pmwiki.php/Film/Alien,https://tvtropes.org/pmwiki/pmwiki.php/Mohs/OneBigLie
its sequel,https://tvtropes.org/pmwiki/pmwiki.php/Film/Aliens,https://tvtropes.org/pmwiki/pmwiki.php/Mohs/OneBigLie
Silent Running,https://tvtropes.org/pmwiki/pmwiki.php/Film/SilentRunning,https://tvtropes.org/pmwiki/pmwiki.php/Mohs/OneBigLie
Avatar,https://tvtropes.org/pmwiki/pmwiki.php/Film/Avatar,https://tvtropes.org/pmwiki/pmwiki.php/Mohs/OneBigLie
Glass Onion,https://tvtropes.org/pmwiki/pmwiki.php/Film/GlassOnion,https://tvtropes.org/pmwiki/pmwiki.php/Mohs/OneBigLie
Strange Days,https://tvtropes.org/pmwiki/pmwiki.php/Film/StrangeDays,https://tvtropes.org/pmwiki/pmwiki.php/Mohs/OneBigLie
The Hunger Games,https://tvtropes.org/pmwiki/pmwiki.php/Film/TheHungerGames,https://tvtropes.org/pmwiki/pmwiki.php/Mohs/OneBigLie
Outsider,https://tvtropes.org/pmwiki/pmwiki.php/Webcomic/Outsider,https://tvtropes.org/pmwiki/pmwiki.php/Mohs/OneBigLie
Quantum Vibe,https://tvtropes.org/pmwiki/pmwiki.php/Webcomic/QuantumVibe,https://tvtropes.org/pmwiki/pmwiki.php/Mohs/OneBigLie
Questionable Content,https://tvtropes.org/pmwiki/pmwiki.php/Webcomic/QuestionableContent,https://tvtropes.org/pmwiki/pmwiki.php/Mohs/OneBigLie
Freefall,https://tvtropes.org/pmwiki/pmwiki.php/Webcomic/Freefall,https://tvtropes.org/pmwiki/pmwiki.php/Mohs/OneBigLie
Escape from Terra,https://tvtropes.org/pmwiki/pmwiki.php/Webcomic/EscapeFromTerra,https://tvtropes.org/pmwiki/pmwiki.php/Mohs/OneBigLie
Eclipse Phase,https://tvtropes.org/pmwiki/pmwiki.php/TabletopGame/EclipsePhase,https://tvtropes.org/pmwiki/pmwiki.php/Mohs/OneBigLie
Infinite Worlds,https://tvtropes.org/pmwiki/pmwiki.php/TabletopGame/InfiniteWorlds,https://tvtropes.org/pmwiki/pmwiki.php/Mohs/OneBigLie
Ogre,https://tvtropes.org/pmwiki/pmwiki.php/TabletopGame/Ogre,https://tvtropes.org/pmwiki/pmwiki.php/Mohs/OneBigLie
Squadron Strike,https://tvtropes.org/pmwiki/pmwiki.php/TabletopGame/SquadronStrike,https://tvtropes.org/pmwiki/pmwiki.php/Mohs/OneBigLie
Doctor Who,https://tvtropes.org/pmwiki/pmwiki.php/Series/DoctorWho,https://tvtropes.org/pmwiki/pmwiki.php/Mohs/OneBigLie
The Expanse,https://tvtropes.org/pmwiki/pmwiki.php/Series/TheExpanse,https://tvtropes.org/pmwiki/pmwiki.php/Mohs/OneBigLie
Firefly,https://tvtropes.org/pmwiki/pmwiki.php/Series/Firefly,https://tvtropes.org/pmwiki/pmwiki.php/Mohs/OneBigLie
Revolution,https://tvtropes.org/pmwiki/pmwiki.php/Series/Revolution,https://tvtropes.org/pmwiki/pmwiki.php/Mohs/OneBigLie
The 100,https://tvtropes.org/pmwiki/pmwiki.php/Series/The100,https://tvtropes.org/pmwiki/pmwiki.php/Mohs/OneBigLie
The Leftovers,https://tvtropes.org/pmwiki/pmwiki.php/Series/TheLeftovers,https://tvtropes.org/pmwiki/pmwiki.php/Mohs/OneBigLie
X-Universe,https://tvtropes.org/pmwiki/pmwiki.php/VideoGame/X,https://tvtropes.org/pmwiki/pmwiki.php/Mohs/OneBigLie
Half-Life,https://tvtropes.org/pmwiki/pmwiki.php/VideoGame/HalfLife,https://tvtropes.org/pmwiki/pmwiki.php/Mohs/OneBigLie
HighFleet,https://tvtropes.org/pmwiki/pmwiki.php/VideoGame/HighFleet,https://tvtropes.org/pmwiki/pmwiki.php/Mohs/OneBigLie
Front Mission,https://tvtropes.org/pmwiki/pmwiki.php/VideoGame/FrontMission,https://tvtropes.org/pmwiki/pmwiki.php/Mohs/OneBigLie
Metal Gear,https://tvtropes.org/pmwiki/pmwiki.php/VideoGame/MetalGear,https://tvtropes.org/pmwiki/pmwiki.php/Mohs/OneBigLie
The Orbital Children,https://tvtropes.org/pmwiki/pmwiki.php/Anime/TheOrbitalChildren,https://tvtropes.org/pmwiki/pmwiki.php/Mohs/SpeculativeScience
Rocket Girls,https://tvtropes.org/pmwiki/pmwiki.php/Anime/RocketGirls,https://tvtropes.org/pmwiki/pmwiki.php/Mohs/SpeculativeScience
Cyberpunk: Edgerunners,https://tvtropes.org/pmwiki/pmwiki.php/Anime/CyberpunkEdgerunners,https://tvtropes.org/pmwiki/pmwiki.php/Mohs/SpeculativeScience
Extra Credits,https://tvtropes.org/pmwiki/pmwiki.php/WebAnimation/ExtraCredits,https://tvtropes.org/pmwiki/pmwiki.php/Mohs/SpeculativeScience
2001 Nights,https://tvtropes.org/pmwiki/pmwiki.php/Manga/TwoThousandOneNights,https://tvtropes.org/pmwiki/pmwiki.php/Mohs/SpeculativeScience
Evangelion 303,https://tvtropes.org/pmwiki/pmwiki.php/Manga/Evangelion303,https://tvtropes.org/pmwiki/pmwiki.php/Mohs/SpeculativeScience
Moonlight Mile,https://tvtropes.org/pmwiki/pmwiki.php/Manga/MoonlightMile,https://tvtropes.org/pmwiki/pmwiki.php/Mohs/SpeculativeScience
Planetes,https://tvtropes.org/pmwiki/pmwiki.php/Manga/Planetes,https://tvtropes.org/pmwiki/pmwiki.php/Mohs/SpeculativeScience
Space Brothers,https://tvtropes.org/pmwiki/pmwiki.php/Manga/SpaceBrothers,https://tvtropes.org/pmwiki/pmwiki.php/Mohs/SpeculativeScience
,https://tvtropes.org/pmwiki/pmwiki.php/Literature/Uncle,https://tvtropes.org/pmwiki/pmwiki.php/Mohs/SpeculativeScience
Valhalla,https://tvtropes.org/pmwiki/pmwiki.php/Literature/Valhalla,https://tvtropes.org/pmwiki/pmwiki.php/Mohs/SpeculativeScience
Known Space,https://tvtropes.org/pmwiki/pmwiki.php/Literature/KnownSpace,https://tvtropes.org/pmwiki/pmwiki.php/Mohs/SpeculativeScience
Protector,https://tvtropes.org/pmwiki/pmwiki.php/Literature/Protector,https://tvtropes.org/pmwiki/pmwiki.php/Mohs/SpeculativeScience
Dragon's Egg,https://tvtropes.org/pmwiki/pmwiki.php/Literature/DragonsEgg,https://tvtropes.org/pmwiki/pmwiki.php/Mohs/SpeculativeScience
The Moon Is a Harsh Mistress,https://tvtropes.org/pmwiki/pmwiki.php/Literature/TheMoonIsAHarshMistress,https://tvtropes.org/pmwiki/pmwiki.php/Mohs/SpeculativeScience
Flying To Valhalla,https://tvtropes.org/pmwiki/pmwiki.php/Literature/FlyingToValhalla,https://tvtropes.org/pmwiki/pmwiki.php/Mohs/SpeculativeScience
The Killing Star,https://tvtropes.org/pmwiki/pmwiki.php/Literature/TheKillingStar,https://tvtropes.org/pmwiki/pmwiki.php/Mohs/SpeculativeScience
Helm,https://tvtropes.org/pmwiki/pmwiki.php/Literature/Helm,https://tvtropes.org/pmwiki/pmwiki.php/Mohs/SpeculativeScience
The Golden Oecumene,https://tvtropes.org/pmwiki/pmwiki.php/Literature/TheGoldenOecumene,https://tvtropes.org/pmwiki/pmwiki.php/Mohs/SpeculativeScience
Count to the Eschaton,https://tvtropes.org/pmwiki/pmwiki.php/Literature/CountToTheEschaton,https://tvtropes.org/pmwiki/pmwiki.php/Mohs/SpeculativeScience
The Quantum Thief,https://tvtropes.org/pmwiki/pmwiki.php/Literature/TheQuantumThief,https://tvtropes.org/pmwiki/pmwiki.php/Mohs/SpeculativeScience
Xeelee Sequence,https://tvtropes.org/pmwiki/pmwiki.php/Literature/XeeleeSequence,https://tvtropes.org/pmwiki/pmwiki.php/Mohs/SpeculativeScience
Proxima,https://tvtropes.org/pmwiki/pmwiki.php/Literature/Proxima,https://tvtropes.org/pmwiki/pmwiki.php/Mohs/SpeculativeScience
Voidskipper,https://tvtropes.org/pmwiki/pmwiki.php/Literature/Voidskipper,https://tvtropes.org/pmwiki/pmwiki.php/Mohs/SpeculativeScience
MARZENA,https://tvtropes.org/pmwiki/pmwiki.php/Literature/MARZENA,https://tvtropes.org/pmwiki/pmwiki.php/Mohs/SpeculativeScience
Alien in a Small Town,https://tvtropes.org/pmwiki/pmwiki.php/Literature/AlienInASmallTown,https://tvtropes.org/pmwiki/pmwiki.php/Mohs/SpeculativeScience
Aeon 14,https://tvtropes.org/pmwiki/pmwiki.php/Literature/Aeon14,https://tvtropes.org/pmwiki/pmwiki.php/Mohs/SpeculativeScience
Skolian Saga,https://tvtropes.org/pmwiki/pmwiki.php/Literature/SkolianSaga,https://tvtropes.org/pmwiki/pmwiki.php/Mohs/SpeculativeScience
Victoria,https://tvtropes.org/pmwiki/pmwiki.php/Literature/Victoria,https://tvtropes.org/pmwiki/pmwiki.php/Mohs/SpeculativeScience
We Are Legion (We Are Bob),https://tvtropes.org/pmwiki/pmwiki.php/Literature/WeAreLegionWeAreBob,https://tvtropes.org/pmwiki/pmwiki.php/Mohs/SpeculativeScience
MARiiMO,https://tvtropes.org/pmwiki/pmwiki.php/Literature/MARiiMO,https://tvtropes.org/pmwiki/pmwiki.php/Mohs/SpeculativeScience
Red Mars,https://tvtropes.org/pmwiki/pmwiki.php/Literature/RedMars,https://tvtropes.org/pmwiki/pmwiki.php/Mohs/SpeculativeScience
"20,000 Leagues Under the Sea",https://tvtropes.org/pmwiki/pmwiki.php/Literature/TwentyThousandLeaguesUnderTheSea,https://tvtropes.org/pmwiki/pmwiki.php/Mohs/SpeculativeScience
From the Earth to the Moon,https://tvtropes.org/pmwiki/pmwiki.php/Literature/FromTheEarthToTheMoon,https://tvtropes.org/pmwiki/pmwiki.php/Mohs/SpeculativeScience
Firestar Series,https://tvtropes.org/pmwiki/pmwiki.php/Literature/FirestarSeries,https://tvtropes.org/pmwiki/pmwiki.php/Mohs/SpeculativeScience
Neuromancer,https://tvtropes.org/pmwiki/pmwiki.php/Literature/Neuromancer,https://tvtropes.org/pmwiki/pmwiki.php/Mohs/SpeculativeScience
The Martian,https://tvtropes.org/pmwiki/pmwiki.php/Literature/TheMartian,https://tvtropes.org/pmwiki/pmwiki.php/Mohs/SpeculativeScience
Outlander Leander,https://tvtropes.org/pmwiki/pmwiki.php/Literature/OutlanderLeander,https://tvtropes.org/pmwiki/pmwiki.php/Mohs/SpeculativeScience
Seveneves,https://tvtropes.org/pmwiki/pmwiki.php/Literature/Seveneves,https://tvtropes.org/pmwiki/pmwiki.php/Mohs/SpeculativeScience
Eternal Sunshine of the Spotless Mind,https://tvtropes.org/pmwiki/pmwiki.php/Film/EternalSunshineOfTheSpotlessMind,https://tvtropes.org/pmwiki/pmwiki.php/Mohs/SpeculativeScience
Moon,https://tvtropes.org/pmwiki/pmwiki.php/Film/Moon,https://tvtropes.org/pmwiki/pmwiki.php/Mohs/SpeculativeScience
Children of Men,https://tvtropes.org/pmwiki/pmwiki.php/Film/ChildrenOfMen,https://tvtropes.org/pmwiki/pmwiki.php/Mohs/SpeculativeScience
her (2013),https://tvtropes.org/pmwiki/pmwiki.php/Film/Her2013,https://tvtropes.org/pmwiki/pmwiki.php/Mohs/SpeculativeScience
Gravity,https://tvtropes.org/pmwiki/pmwiki.php/Film/Gravity,https://tvtropes.org/pmwiki/pmwiki.php/Mohs/SpeculativeScience
The Dark Knight Trilogy,https://tvtropes.org/pmwiki/pmwiki.php/Film/TheDarkKnightTrilogy,https://tvtropes.org/pmwiki/pmwiki.php/Mohs/SpeculativeScience
The Dark Knight Rises,https://tvtropes.org/pmwiki/pmwiki.php/Film/TheDarkKnightRises,https://tvtropes.org/pmwiki/pmwiki.php/Mohs/SpeculativeScience
The Dark Knight,https://tvtropes.org/pmwiki/pmwiki.php/Film/TheDarkKnight,https://tvtropes.org/pmwiki/pmwiki.php/Mohs/SpeculativeScience
Ad Astra,https://tvtropes.org/pmwiki/pmwiki.php/Film/AdAstra,https://tvtropes.org/pmwiki/pmwiki.php/Mohs/SpeculativeScience
Gattaca,https://tvtropes.org/pmwiki/pmwiki.php/Film/Gattaca,https://tvtropes.org/pmwiki/pmwiki.php/Mohs/SpeculativeScience
The Truman Show,https://tvtropes.org/pmwiki/pmwiki.php/Film/TheTrumanShow,https://tvtropes.org/pmwiki/pmwiki.php/Mohs/SpeculativeScience
Orion's Arm,https://tvtropes.org/pmwiki/pmwiki.php/WebOriginal/OrionsArm,https://tvtropes.org/pmwiki/pmwiki.php/Mohs/SpeculativeScience
Deep Rise,https://tvtropes.org/pmwiki/pmwiki.php/Webcomic/DeepRise,https://tvtropes.org/pmwiki/pmwiki.php/Mohs/SpeculativeScience
Mare Internum,https://tvtropes.org/pmwiki/pmwiki.php/Webcomic/MareInternum,https://tvtropes.org/pmwiki/pmwiki.php/Mohs/SpeculativeScience
Never Mind the Gap,https://tvtropes.org/pmwiki/pmwiki.php/Webcomic/NeverMindTheGap,https://tvtropes.org/pmwiki/pmwiki.php/Mohs/SpeculativeScience
Car Wars,https://tvtropes.org/pmwiki/pmwiki.php/TabletopGame/CarWars,https://tvtropes.org/pmwiki/pmwiki.php/Mohs/SpeculativeScience
Sufficiently Advanced,https://tvtropes.org/pmwiki/pmwiki.php/TabletopGame/SufficientlyAdvanced,https://tvtropes.org/pmwiki/pmwiki.php/Mohs/SpeculativeScience
Cyberpunk,https://tvtropes.org/pmwiki/pmwiki.php/TabletopGame/Cyberpunk,https://tvtropes.org/pmwiki/pmwiki.php/Mohs/SpeculativeScience
High Frontier,https://tvtropes.org/pmwiki/pmwiki.php/TabletopGame/HighFrontier,https://tvtropes.org/pmwiki/pmwiki.php/Mohs/SpeculativeScience
Transhuman Space,https://tvtropes.org/pmwiki/pmwiki.php/TabletopGame/TranshumanSpace,https://tvtropes.org/pmwiki/pmwiki.php/Mohs/SpeculativeScience
For All Mankind,https://tvtropes.org/pmwiki/pmwiki.php/Series/ForAllMankind,https://tvtropes.org/pmwiki/pmwiki.php/Mohs/SpeculativeScience
Person of Interest,https://tvtropes.org/pmwiki/pmwiki.php/Series/PersonOfInterest,https://tvtropes.org/pmwiki/pmwiki.php/Mohs/SpeculativeScience
Intelligence (2014),https://tvtropes.org/pmwiki/pmwiki.php/Series/Intelligence2014,https://tvtropes.org/pmwiki/pmwiki.php/Mohs/SpeculativeScience
The 100,https://tvtropes.org/pmwiki/pmwiki.php/Series/The100,https://tvtropes.org/pmwiki/pmwiki.php/Mohs/SpeculativeScience
2057,https://tvtropes.org/pmwiki/pmwiki.php/Series/TwentyFiftySeven,https://tvtropes.org/pmwiki/pmwiki.php/Mohs/SpeculativeScience
Max Headroom,https://tvtropes.org/pmwiki/pmwiki.php/Series/MaxHeadroom,https://tvtropes.org/pmwiki/pmwiki.php/Mohs/SpeculativeScience
ReGenesis,https://tvtropes.org/pmwiki/pmwiki.php/Series/ReGenesis,https://tvtropes.org/pmwiki/pmwiki.php/Mohs/SpeculativeScience
Space Odyssey: Voyage To The Planets,https://tvtropes.org/pmwiki/pmwiki.php/Series/SpaceOdysseyVoyageToThePlanets,https://tvtropes.org/pmwiki/pmwiki.php/Mohs/SpeculativeScience
Star Cops,https://tvtropes.org/pmwiki/pmwiki.php/Series/StarCops,https://tvtropes.org/pmwiki/pmwiki.php/Mohs/SpeculativeScience
Î”V: Rings of Saturn,https://tvtropes.org/pmwiki/pmwiki.php/VideoGame/DeltaVRingsOfSaturn,https://tvtropes.org/pmwiki/pmwiki.php/Mohs/SpeculativeScience
Outpost 2,https://tvtropes.org/pmwiki/pmwiki.php/VideoGame/Outpost2,https://tvtropes.org/pmwiki/pmwiki.php/Mohs/SpeculativeScience
Sid Meier's Alpha Centauri,https://tvtropes.org/pmwiki/pmwiki.php/VideoGame/SidMeiersAlphaCentauri,https://tvtropes.org/pmwiki/pmwiki.php/Mohs/SpeculativeScience
TerraGenesis,https://tvtropes.org/pmwiki/pmwiki.php/VideoGame/TerraGenesis,https://tvtropes.org/pmwiki/pmwiki.php/Mohs/SpeculativeScience
ARMA,https://tvtropes.org/pmwiki/pmwiki.php/VideoGame/ARMA,https://tvtropes.org/pmwiki/pmwiki.php/Mohs/SpeculativeScience
Deus Ex: Human Revolution,https://tvtropes.org/pmwiki/pmwiki.php/VideoGame/DeusExHumanRevolution,https://tvtropes.org/pmwiki/pmwiki.php/Mohs/SpeculativeScience
Kerbal Space Program,https://tvtropes.org/pmwiki/pmwiki.php/VideoGame/KerbalSpaceProgram,https://tvtropes.org/pmwiki/pmwiki.php/Mohs/SpeculativeScience
Orbiter,https://tvtropes.org/pmwiki/pmwiki.php/VideoGame/Orbiter,https://tvtropes.org/pmwiki/pmwiki.php/Mohs/SpeculativeScience
Children of a Dead Earth,https://tvtropes.org/pmwiki/pmwiki.php/VideoGame/ChildrenOfADeadEarth,https://tvtropes.org/pmwiki/pmwiki.php/Mohs/SpeculativeScience
War Thunder,https://tvtropes.org/pmwiki/pmwiki.php/VideoGame/WarThunder,https://tvtropes.org/pmwiki/pmwiki.php/Mohs/SpeculativeScience
