text,url,source_url,concatenated
A True Story,https://tvtropes.org/pmwiki/pmwiki.php/Literature/ATrueStory,https://tvtropes.org/pmwiki/pmwiki.php/NoBiochemicalBarriers/AlienFoodIsEdible,'A True Story':'https://tvtropes.org/pmwiki/pmwiki.php/Literature/ATrueStory'
Agents of S.H.I.E.L.D.,https://tvtropes.org/pmwiki/pmwiki.php/Series/AgentsOfSHIELD,https://tvtropes.org/pmwiki/pmwiki.php/NoBiochemicalBarriers/CrossSpeciesDisease,'Agents of S.H.I.E.L.D.':'https://tvtropes.org/pmwiki/pmwiki.php/Series/AgentsOfSHIELD'
Alien Nation,https://tvtropes.org/pmwiki/pmwiki.php/Film/AlienNation,https://tvtropes.org/pmwiki/pmwiki.php/NoBiochemicalBarriers/AlienFoodIsEdible,'Alien Nation':'https://tvtropes.org/pmwiki/pmwiki.php/Film/AlienNation'
Alien: Resurrection,https://tvtropes.org/pmwiki/pmwiki.php/Film/AlienResurrection,https://tvtropes.org/pmwiki/pmwiki.php/NoBiochemicalBarriers/CrossSpeciesDisease,'Alien: Resurrection':'https://tvtropes.org/pmwiki/pmwiki.php/Film/AlienResurrection'
Amazon Women on the Moon,https://tvtropes.org/pmwiki/pmwiki.php/Film/AmazonWomenOnTheMoon,https://tvtropes.org/pmwiki/pmwiki.php/NoBiochemicalBarriers/AllAtmospheresAreEqual,'Amazon Women on the Moon':'https://tvtropes.org/pmwiki/pmwiki.php/Film/AmazonWomenOnTheMoon'
American Dad!,https://tvtropes.org/pmwiki/pmwiki.php/WesternAnimation/AmericanDad,https://tvtropes.org/pmwiki/pmwiki.php/NoBiochemicalBarriers/CrossSpeciesDisease,'American Dad!':'https://tvtropes.org/pmwiki/pmwiki.php/WesternAnimation/AmericanDad'
Amphibia,https://tvtropes.org/pmwiki/pmwiki.php/WesternAnimation/Amphibia,https://tvtropes.org/pmwiki/pmwiki.php/NoBiochemicalBarriers/AlienFoodIsEdible,'Amphibia':'https://tvtropes.org/pmwiki/pmwiki.php/WesternAnimation/Amphibia'
Animorphs,https://tvtropes.org/pmwiki/pmwiki.php/Literature/Animorphs,https://tvtropes.org/pmwiki/pmwiki.php/NoBiochemicalBarriers/AlienFoodIsEdible,'Animorphs':'https://tvtropes.org/pmwiki/pmwiki.php/Literature/Animorphs'
Archie's gang,https://tvtropes.org/pmwiki/pmwiki.php/ComicBook/ArchieComics,https://tvtropes.org/pmwiki/pmwiki.php/NoBiochemicalBarriers/AllAtmospheresAreEqual,'Archie's gang':'https://tvtropes.org/pmwiki/pmwiki.php/ComicBook/ArchieComics'
Astro Kid,https://tvtropes.org/pmwiki/pmwiki.php/WesternAnimation/AstroKid,https://tvtropes.org/pmwiki/pmwiki.php/NoBiochemicalBarriers/AlienFoodIsEdible,'Astro Kid':'https://tvtropes.org/pmwiki/pmwiki.php/WesternAnimation/AstroKid'
Avatar,https://tvtropes.org/pmwiki/pmwiki.php/Film/Avatar,https://tvtropes.org/pmwiki/pmwiki.php/NoBiochemicalBarriers/AllAtmospheresAreEqual,'Avatar':'https://tvtropes.org/pmwiki/pmwiki.php/Film/Avatar'
Aven Colony,https://tvtropes.org/pmwiki/pmwiki.php/VideoGame/AvenColony,https://tvtropes.org/pmwiki/pmwiki.php/NoBiochemicalBarriers/AlienFoodIsEdible,'Aven Colony':'https://tvtropes.org/pmwiki/pmwiki.php/VideoGame/AvenColony'
Awful Hospital,https://tvtropes.org/pmwiki/pmwiki.php/Webcomic/AwfulHospital,https://tvtropes.org/pmwiki/pmwiki.php/NoBiochemicalBarriers/CrossSpeciesDisease,'Awful Hospital':'https://tvtropes.org/pmwiki/pmwiki.php/Webcomic/AwfulHospital'
Babylon 5,https://tvtropes.org/pmwiki/pmwiki.php/Series/BabylonFive,https://tvtropes.org/pmwiki/pmwiki.php/NoBiochemicalBarriers/AlienFoodIsEdible,'Babylon 5':'https://tvtropes.org/pmwiki/pmwiki.php/Series/BabylonFive'
Battlestar Galactica (1978),https://tvtropes.org/pmwiki/pmwiki.php/Series/BattlestarGalactica1978,https://tvtropes.org/pmwiki/pmwiki.php/NoBiochemicalBarriers/CrossSpeciesDisease,'Battlestar Galactica (1978)':'https://tvtropes.org/pmwiki/pmwiki.php/Series/BattlestarGalactica1978'
Ben 10,https://tvtropes.org/pmwiki/pmwiki.php/WesternAnimation/Ben10,https://tvtropes.org/pmwiki/pmwiki.php/NoBiochemicalBarriers/CrossSpeciesDisease,'Ben 10':'https://tvtropes.org/pmwiki/pmwiki.php/WesternAnimation/Ben10'
Ben 10: Alien Force,https://tvtropes.org/pmwiki/pmwiki.php/WesternAnimation/Ben10AlienForce,https://tvtropes.org/pmwiki/pmwiki.php/NoBiochemicalBarriers/CrossSpeciesDisease,'Ben 10: Alien Force':'https://tvtropes.org/pmwiki/pmwiki.php/WesternAnimation/Ben10AlienForce'
Ben 10: Omniverse,https://tvtropes.org/pmwiki/pmwiki.php/WesternAnimation/Ben10Omniverse,https://tvtropes.org/pmwiki/pmwiki.php/NoBiochemicalBarriers/AllAtmospheresAreEqual,'Ben 10: Omniverse':'https://tvtropes.org/pmwiki/pmwiki.php/WesternAnimation/Ben10Omniverse'
Birdy the Mighty,https://tvtropes.org/pmwiki/pmwiki.php/Anime/BirdyTheMighty,https://tvtropes.org/pmwiki/pmwiki.php/NoBiochemicalBarriers/AlienFoodIsEdible,'Birdy the Mighty':'https://tvtropes.org/pmwiki/pmwiki.php/Anime/BirdyTheMighty'
Bleak World,https://tvtropes.org/pmwiki/pmwiki.php/TabletopGame/BleakWorld,https://tvtropes.org/pmwiki/pmwiki.php/NoBiochemicalBarriers/AlienFoodIsEdible,'Bleak World':'https://tvtropes.org/pmwiki/pmwiki.php/TabletopGame/BleakWorld'
Borderlands,https://tvtropes.org/pmwiki/pmwiki.php/VideoGame/Borderlands,https://tvtropes.org/pmwiki/pmwiki.php/NoBiochemicalBarriers/AlienFoodIsEdible,'Borderlands':'https://tvtropes.org/pmwiki/pmwiki.php/VideoGame/Borderlands'
cartoon,https://tvtropes.org/pmwiki/pmwiki.php/WesternAnimation/MenInBlack,https://tvtropes.org/pmwiki/pmwiki.php/NoBiochemicalBarriers/AlienFoodIsEdible,'cartoon':'https://tvtropes.org/pmwiki/pmwiki.php/WesternAnimation/MenInBlack'
Cat Planet Cuties,https://tvtropes.org/pmwiki/pmwiki.php/Literature/CatPlanetCuties,https://tvtropes.org/pmwiki/pmwiki.php/NoBiochemicalBarriers/AlienFoodIsEdible,'Cat Planet Cuties':'https://tvtropes.org/pmwiki/pmwiki.php/Literature/CatPlanetCuties'
Chanur Novels,https://tvtropes.org/pmwiki/pmwiki.php/Literature/ChanurNovels,https://tvtropes.org/pmwiki/pmwiki.php/NoBiochemicalBarriers/AlienFoodIsEdible,'Chanur Novels':'https://tvtropes.org/pmwiki/pmwiki.php/Literature/ChanurNovels'
Chitauri,https://tvtropes.org/pmwiki/pmwiki.php/Film/TheAvengers2012,https://tvtropes.org/pmwiki/pmwiki.php/NoBiochemicalBarriers/CrossSpeciesDisease,'Chitauri':'https://tvtropes.org/pmwiki/pmwiki.php/Film/TheAvengers2012'
Civilization: Beyond Earth,https://tvtropes.org/pmwiki/pmwiki.php/VideoGame/CivilizationBeyondEarth,https://tvtropes.org/pmwiki/pmwiki.php/NoBiochemicalBarriers/AlienFoodIsEdible,'Civilization: Beyond Earth':'https://tvtropes.org/pmwiki/pmwiki.php/VideoGame/CivilizationBeyondEarth'
"David Starr, Space Ranger",https://tvtropes.org/pmwiki/pmwiki.php/Literature/DavidStarrSpaceRanger,https://tvtropes.org/pmwiki/pmwiki.php/NoBiochemicalBarriers/CrossSpeciesDisease,"'David Starr, Space Ranger':'https://tvtropes.org/pmwiki/pmwiki.php/Literature/DavidStarrSpaceRanger'"
Day of the Animals,https://tvtropes.org/pmwiki/pmwiki.php/Film/DayOfTheAnimals,https://tvtropes.org/pmwiki/pmwiki.php/NoBiochemicalBarriers/CrossSpeciesDisease,'Day of the Animals':'https://tvtropes.org/pmwiki/pmwiki.php/Film/DayOfTheAnimals'
Death in Winter,https://tvtropes.org/pmwiki/pmwiki.php/Literature/StarTrekTheNextGenerationRelaunch,https://tvtropes.org/pmwiki/pmwiki.php/NoBiochemicalBarriers/CrossSpeciesDisease,'Death in Winter':'https://tvtropes.org/pmwiki/pmwiki.php/Literature/StarTrekTheNextGenerationRelaunch'
Death Note,https://tvtropes.org/pmwiki/pmwiki.php/Manga/DeathNote,https://tvtropes.org/pmwiki/pmwiki.php/NoBiochemicalBarriers/AlienFoodIsEdible,'Death Note':'https://tvtropes.org/pmwiki/pmwiki.php/Manga/DeathNote'
Deep Space Nine,https://tvtropes.org/pmwiki/pmwiki.php/Series/StarTrekDeepSpaceNine,https://tvtropes.org/pmwiki/pmwiki.php/NoBiochemicalBarriers/AlienFoodIsEdible,'Deep Space Nine':'https://tvtropes.org/pmwiki/pmwiki.php/Series/StarTrekDeepSpaceNine'
Defiance,https://tvtropes.org/pmwiki/pmwiki.php/Series/Defiance,https://tvtropes.org/pmwiki/pmwiki.php/NoBiochemicalBarriers/AlienFoodIsEdible,'Defiance':'https://tvtropes.org/pmwiki/pmwiki.php/Series/Defiance'
District 9,https://tvtropes.org/pmwiki/pmwiki.php/Film/District9,https://tvtropes.org/pmwiki/pmwiki.php/NoBiochemicalBarriers/AlienFoodIsEdible,'District 9':'https://tvtropes.org/pmwiki/pmwiki.php/Film/District9'
Doctor Strange in the Multiverse of Madness,https://tvtropes.org/pmwiki/pmwiki.php/Film/DoctorStrangeInTheMultiverseOfMadness,https://tvtropes.org/pmwiki/pmwiki.php/NoBiochemicalBarriers/CrossSpeciesDisease,'Doctor Strange in the Multiverse of Madness':'https://tvtropes.org/pmwiki/pmwiki.php/Film/DoctorStrangeInTheMultiverseOfMadness'
Doctor Who,https://tvtropes.org/pmwiki/pmwiki.php/Series/DoctorWho,https://tvtropes.org/pmwiki/pmwiki.php/NoBiochemicalBarriers/AlienFoodIsEdible,'Doctor Who':'https://tvtropes.org/pmwiki/pmwiki.php/Series/DoctorWho'
Doctor Who New Adventures,https://tvtropes.org/pmwiki/pmwiki.php/Literature/DoctorWhoNewAdventures,https://tvtropes.org/pmwiki/pmwiki.php/NoBiochemicalBarriers/CrossSpeciesDisease,'Doctor Who New Adventures':'https://tvtropes.org/pmwiki/pmwiki.php/Literature/DoctorWhoNewAdventures'
Dragon Ball Z,https://tvtropes.org/pmwiki/pmwiki.php/Anime/DragonBallZ,https://tvtropes.org/pmwiki/pmwiki.php/NoBiochemicalBarriers/CrossSpeciesDisease,'Dragon Ball Z':'https://tvtropes.org/pmwiki/pmwiki.php/Anime/DragonBallZ'
Dragonriders of Pern,https://tvtropes.org/pmwiki/pmwiki.php/Literature/DragonridersOfPern,https://tvtropes.org/pmwiki/pmwiki.php/NoBiochemicalBarriers/AlienFoodIsEdible,'Dragonriders of Pern':'https://tvtropes.org/pmwiki/pmwiki.php/Literature/DragonridersOfPern'
Duchy Of Terra,https://tvtropes.org/pmwiki/pmwiki.php/Literature/DuchyOfTerra,https://tvtropes.org/pmwiki/pmwiki.php/NoBiochemicalBarriers/AlienFoodIsEdible,'Duchy Of Terra':'https://tvtropes.org/pmwiki/pmwiki.php/Literature/DuchyOfTerra'
Encounter With Tiber,https://tvtropes.org/pmwiki/pmwiki.php/Literature/EncounterWithTiber,https://tvtropes.org/pmwiki/pmwiki.php/NoBiochemicalBarriers/AllAtmospheresAreEqual,'Encounter With Tiber':'https://tvtropes.org/pmwiki/pmwiki.php/Literature/EncounterWithTiber'
Etta Candy,https://tvtropes.org/pmwiki/pmwiki.php/ComicBook/EttaCandy,https://tvtropes.org/pmwiki/pmwiki.php/NoBiochemicalBarriers/AlienFoodIsEdible,'Etta Candy':'https://tvtropes.org/pmwiki/pmwiki.php/ComicBook/EttaCandy'
EXTRAPOWER: Attack of Darkforce,https://tvtropes.org/pmwiki/pmwiki.php/VideoGame/EXTRAPOWERAttackOfDarkforce,https://tvtropes.org/pmwiki/pmwiki.php/NoBiochemicalBarriers/AlienFoodIsEdible,'EXTRAPOWER: Attack of Darkforce':'https://tvtropes.org/pmwiki/pmwiki.php/VideoGame/EXTRAPOWERAttackOfDarkforce'
Fallout 3,https://tvtropes.org/pmwiki/pmwiki.php/VideoGame/Fallout3,https://tvtropes.org/pmwiki/pmwiki.php/NoBiochemicalBarriers/AlienFoodIsEdible,'Fallout 3':'https://tvtropes.org/pmwiki/pmwiki.php/VideoGame/Fallout3'
Farscape,https://tvtropes.org/pmwiki/pmwiki.php/Series/Farscape,https://tvtropes.org/pmwiki/pmwiki.php/NoBiochemicalBarriers/AlienFoodIsEdible,'Farscape':'https://tvtropes.org/pmwiki/pmwiki.php/Series/Farscape'
Final Fantasy IV,https://tvtropes.org/pmwiki/pmwiki.php/VideoGame/FinalFantasyIV,https://tvtropes.org/pmwiki/pmwiki.php/NoBiochemicalBarriers/AllAtmospheresAreEqual,'Final Fantasy IV':'https://tvtropes.org/pmwiki/pmwiki.php/VideoGame/FinalFantasyIV'
Foreigner (1994),https://tvtropes.org/pmwiki/pmwiki.php/Literature/Foreigner1994,https://tvtropes.org/pmwiki/pmwiki.php/NoBiochemicalBarriers/AlienFoodIsEdible,'Foreigner (1994)':'https://tvtropes.org/pmwiki/pmwiki.php/Literature/Foreigner1994'
Freefall,https://tvtropes.org/pmwiki/pmwiki.php/Webcomic/Freefall,https://tvtropes.org/pmwiki/pmwiki.php/NoBiochemicalBarriers/AlienFoodIsEdible,'Freefall':'https://tvtropes.org/pmwiki/pmwiki.php/Webcomic/Freefall'
Freeman's Mind,https://tvtropes.org/pmwiki/pmwiki.php/WebVideo/FreemansMind,https://tvtropes.org/pmwiki/pmwiki.php/NoBiochemicalBarriers/CrossSpeciesDisease,'Freeman's Mind':'https://tvtropes.org/pmwiki/pmwiki.php/WebVideo/FreemansMind'
Futurama,https://tvtropes.org/pmwiki/pmwiki.php/WesternAnimation/Futurama,https://tvtropes.org/pmwiki/pmwiki.php/NoBiochemicalBarriers/AlienFoodIsEdible,'Futurama':'https://tvtropes.org/pmwiki/pmwiki.php/WesternAnimation/Futurama'
Galaxy Quest,https://tvtropes.org/pmwiki/pmwiki.php/Film/GalaxyQuest,https://tvtropes.org/pmwiki/pmwiki.php/NoBiochemicalBarriers/AllAtmospheresAreEqual,'Galaxy Quest':'https://tvtropes.org/pmwiki/pmwiki.php/Film/GalaxyQuest'
Gargantia on the Verdurous Planet,https://tvtropes.org/pmwiki/pmwiki.php/Anime/GargantiaOnTheVerdurousPlanet,https://tvtropes.org/pmwiki/pmwiki.php/NoBiochemicalBarriers/AllAtmospheresAreEqual,'Gargantia on the Verdurous Planet':'https://tvtropes.org/pmwiki/pmwiki.php/Anime/GargantiaOnTheVerdurousPlanet'
Godspeed,https://tvtropes.org/pmwiki/pmwiki.php/Literature/Godspeed,https://tvtropes.org/pmwiki/pmwiki.php/NoBiochemicalBarriers/AlienFoodIsEdible,'Godspeed':'https://tvtropes.org/pmwiki/pmwiki.php/Literature/Godspeed'
Green Lantern,https://tvtropes.org/pmwiki/pmwiki.php/ComicBook/GreenLantern,https://tvtropes.org/pmwiki/pmwiki.php/NoBiochemicalBarriers/CrossSpeciesDisease,'Green Lantern':'https://tvtropes.org/pmwiki/pmwiki.php/ComicBook/GreenLantern'
Hainish,https://tvtropes.org/pmwiki/pmwiki.php/Literature/Hainish,https://tvtropes.org/pmwiki/pmwiki.php/NoBiochemicalBarriers/AlienFoodIsEdible,'Hainish':'https://tvtropes.org/pmwiki/pmwiki.php/Literature/Hainish'
Half-Life,https://tvtropes.org/pmwiki/pmwiki.php/VideoGame/HalfLife,https://tvtropes.org/pmwiki/pmwiki.php/NoBiochemicalBarriers/AllAtmospheresAreEqual,'Half-Life':'https://tvtropes.org/pmwiki/pmwiki.php/VideoGame/HalfLife'
Halo: Broken Circle,https://tvtropes.org/pmwiki/pmwiki.php/Literature/HaloBrokenCircle,https://tvtropes.org/pmwiki/pmwiki.php/NoBiochemicalBarriers/CrossSpeciesDisease,'Halo: Broken Circle':'https://tvtropes.org/pmwiki/pmwiki.php/Literature/HaloBrokenCircle'
Halo: Glasslands,https://tvtropes.org/pmwiki/pmwiki.php/Literature/HaloGlasslands,https://tvtropes.org/pmwiki/pmwiki.php/NoBiochemicalBarriers/AlienFoodIsEdible,'Halo: Glasslands':'https://tvtropes.org/pmwiki/pmwiki.php/Literature/HaloGlasslands'
Hayven Celestia,https://tvtropes.org/pmwiki/pmwiki.php/Literature/HayvenCelestia,https://tvtropes.org/pmwiki/pmwiki.php/NoBiochemicalBarriers/AlienFoodIsEdible,'Hayven Celestia':'https://tvtropes.org/pmwiki/pmwiki.php/Literature/HayvenCelestia'
Hetalia: Axis Powers,https://tvtropes.org/pmwiki/pmwiki.php/Webcomic/HetaliaAxisPowers,https://tvtropes.org/pmwiki/pmwiki.php/NoBiochemicalBarriers/AlienFoodIsEdible,'Hetalia: Axis Powers':'https://tvtropes.org/pmwiki/pmwiki.php/Webcomic/HetaliaAxisPowers'
Honor Harrington,https://tvtropes.org/pmwiki/pmwiki.php/Literature/HonorHarrington,https://tvtropes.org/pmwiki/pmwiki.php/NoBiochemicalBarriers/CrossSpeciesDisease,'Honor Harrington':'https://tvtropes.org/pmwiki/pmwiki.php/Literature/HonorHarrington'
Hostess,https://tvtropes.org/pmwiki/pmwiki.php/Literature/Hostess,https://tvtropes.org/pmwiki/pmwiki.php/NoBiochemicalBarriers/AlienFoodIsEdible,'Hostess':'https://tvtropes.org/pmwiki/pmwiki.php/Literature/Hostess'
Humanx Commonwealth,https://tvtropes.org/pmwiki/pmwiki.php/Literature/HumanxCommonwealth,https://tvtropes.org/pmwiki/pmwiki.php/NoBiochemicalBarriers/AlienFoodIsEdible,'Humanx Commonwealth':'https://tvtropes.org/pmwiki/pmwiki.php/Literature/HumanxCommonwealth'
I Was a Teenage Exocolonist,https://tvtropes.org/pmwiki/pmwiki.php/VideoGame/IWasATeenageExocolonist,https://tvtropes.org/pmwiki/pmwiki.php/NoBiochemicalBarriers/AlienFoodIsEdible,'I Was a Teenage Exocolonist':'https://tvtropes.org/pmwiki/pmwiki.php/VideoGame/IWasATeenageExocolonist'
"I, Jedi",https://tvtropes.org/pmwiki/pmwiki.php/Literature/IJedi,https://tvtropes.org/pmwiki/pmwiki.php/NoBiochemicalBarriers/AlienFoodIsEdible,"'I, Jedi':'https://tvtropes.org/pmwiki/pmwiki.php/Literature/IJedi'"
Independence Day,https://tvtropes.org/pmwiki/pmwiki.php/Film/IndependenceDay,https://tvtropes.org/pmwiki/pmwiki.php/NoBiochemicalBarriers/AllAtmospheresAreEqual,'Independence Day':'https://tvtropes.org/pmwiki/pmwiki.php/Film/IndependenceDay'
Into the Looking Glass,https://tvtropes.org/pmwiki/pmwiki.php/Literature/IntoTheLookingGlass,https://tvtropes.org/pmwiki/pmwiki.php/NoBiochemicalBarriers/AlienFoodIsEdible,'Into the Looking Glass':'https://tvtropes.org/pmwiki/pmwiki.php/Literature/IntoTheLookingGlass'
INVADERS of the ROKUJYOUMA!?,https://tvtropes.org/pmwiki/pmwiki.php/Literature/InvadersOfTheRokujyouma,https://tvtropes.org/pmwiki/pmwiki.php/NoBiochemicalBarriers/CrossSpeciesDisease,'INVADERS of the ROKUJYOUMA!?':'https://tvtropes.org/pmwiki/pmwiki.php/Literature/InvadersOfTheRokujyouma'
Janitors Of The Post Apocalypse,https://tvtropes.org/pmwiki/pmwiki.php/Literature/JanitorsOfThePostApocalypse,https://tvtropes.org/pmwiki/pmwiki.php/NoBiochemicalBarriers/AllAtmospheresAreEqual,'Janitors Of The Post Apocalypse':'https://tvtropes.org/pmwiki/pmwiki.php/Literature/JanitorsOfThePostApocalypse'
Janitors of the Post-Apocalypse,https://tvtropes.org/pmwiki/pmwiki.php/Literature/JanitorsOfThePostapocalypse,https://tvtropes.org/pmwiki/pmwiki.php/NoBiochemicalBarriers/AlienFoodIsEdible,'Janitors of the Post-Apocalypse':'https://tvtropes.org/pmwiki/pmwiki.php/Literature/JanitorsOfThePostapocalypse'
Jedi Apprentice,https://tvtropes.org/pmwiki/pmwiki.php/Literature/JediApprentice,https://tvtropes.org/pmwiki/pmwiki.php/NoBiochemicalBarriers/AlienFoodIsEdible,'Jedi Apprentice':'https://tvtropes.org/pmwiki/pmwiki.php/Literature/JediApprentice'
Justice League,https://tvtropes.org/pmwiki/pmwiki.php/WesternAnimation/JusticeLeague,https://tvtropes.org/pmwiki/pmwiki.php/NoBiochemicalBarriers/CrossSpeciesDisease,'Justice League':'https://tvtropes.org/pmwiki/pmwiki.php/WesternAnimation/JusticeLeague'
Kevin & Kell,https://tvtropes.org/pmwiki/pmwiki.php/Webcomic/KevinAndKell,https://tvtropes.org/pmwiki/pmwiki.php/NoBiochemicalBarriers/CrossSpeciesDisease,'Kevin & Kell':'https://tvtropes.org/pmwiki/pmwiki.php/Webcomic/KevinAndKell'
Kid Cosmic,https://tvtropes.org/pmwiki/pmwiki.php/WesternAnimation/KidCosmic,https://tvtropes.org/pmwiki/pmwiki.php/NoBiochemicalBarriers/AllAtmospheresAreEqual,'Kid Cosmic':'https://tvtropes.org/pmwiki/pmwiki.php/WesternAnimation/KidCosmic'
Known Space,https://tvtropes.org/pmwiki/pmwiki.php/Literature/KnownSpace,https://tvtropes.org/pmwiki/pmwiki.php/NoBiochemicalBarriers/AlienFoodIsEdible,'Known Space':'https://tvtropes.org/pmwiki/pmwiki.php/Literature/KnownSpace'
Legion of Super-Heroes,https://tvtropes.org/pmwiki/pmwiki.php/ComicBook/LegionOfSuperHeroes,https://tvtropes.org/pmwiki/pmwiki.php/NoBiochemicalBarriers/AlienFoodIsEdible,'Legion of Super-Heroes':'https://tvtropes.org/pmwiki/pmwiki.php/ComicBook/LegionOfSuperHeroes'
Macross Frontier,https://tvtropes.org/pmwiki/pmwiki.php/Anime/MacrossFrontier,https://tvtropes.org/pmwiki/pmwiki.php/NoBiochemicalBarriers/CrossSpeciesDisease,'Macross Frontier':'https://tvtropes.org/pmwiki/pmwiki.php/Anime/MacrossFrontier'
Mass Effect 3,https://tvtropes.org/pmwiki/pmwiki.php/VideoGame/MassEffect3,https://tvtropes.org/pmwiki/pmwiki.php/NoBiochemicalBarriers/AlienFoodIsEdible,'Mass Effect 3':'https://tvtropes.org/pmwiki/pmwiki.php/VideoGame/MassEffect3'
Mass Effect Annihilation,https://tvtropes.org/pmwiki/pmwiki.php/Literature/MassEffectAnnihilation,https://tvtropes.org/pmwiki/pmwiki.php/NoBiochemicalBarriers/CrossSpeciesDisease,'Mass Effect Annihilation':'https://tvtropes.org/pmwiki/pmwiki.php/Literature/MassEffectAnnihilation'
Mass Effect: Andromeda,https://tvtropes.org/pmwiki/pmwiki.php/VideoGame/MassEffectAndromeda,https://tvtropes.org/pmwiki/pmwiki.php/NoBiochemicalBarriers/CrossSpeciesDisease,'Mass Effect: Andromeda':'https://tvtropes.org/pmwiki/pmwiki.php/VideoGame/MassEffectAndromeda'
Men in Black,https://tvtropes.org/pmwiki/pmwiki.php/Film/MenInBlack,https://tvtropes.org/pmwiki/pmwiki.php/NoBiochemicalBarriers/AlienFoodIsEdible,'Men in Black':'https://tvtropes.org/pmwiki/pmwiki.php/Film/MenInBlack'
Mighty Morphin' Power Rangers,https://tvtropes.org/pmwiki/pmwiki.php/Series/MightyMorphinPowerRangers,https://tvtropes.org/pmwiki/pmwiki.php/NoBiochemicalBarriers/CrossSpeciesDisease,'Mighty Morphin' Power Rangers':'https://tvtropes.org/pmwiki/pmwiki.php/Series/MightyMorphinPowerRangers'
Mobile Suit Crossbone Gundam,https://tvtropes.org/pmwiki/pmwiki.php/Manga/MobileSuitCrossboneGundam,https://tvtropes.org/pmwiki/pmwiki.php/NoBiochemicalBarriers/CrossSpeciesDisease,'Mobile Suit Crossbone Gundam':'https://tvtropes.org/pmwiki/pmwiki.php/Manga/MobileSuitCrossboneGundam'
Nyaruko: Crawling with Love!,https://tvtropes.org/pmwiki/pmwiki.php/Literature/NyarukoCrawlingWithLove,https://tvtropes.org/pmwiki/pmwiki.php/NoBiochemicalBarriers/CrossSpeciesDisease,'Nyaruko: Crawling with Love!':'https://tvtropes.org/pmwiki/pmwiki.php/Literature/NyarukoCrawlingWithLove'
Old Man's War,https://tvtropes.org/pmwiki/pmwiki.php/Literature/OldMansWar,https://tvtropes.org/pmwiki/pmwiki.php/NoBiochemicalBarriers/AlienFoodIsEdible,'Old Man's War':'https://tvtropes.org/pmwiki/pmwiki.php/Literature/OldMansWar'
Outsider,https://tvtropes.org/pmwiki/pmwiki.php/Webcomic/Outsider,https://tvtropes.org/pmwiki/pmwiki.php/NoBiochemicalBarriers/AlienFoodIsEdible,'Outsider':'https://tvtropes.org/pmwiki/pmwiki.php/Webcomic/Outsider'
"Pay Me, Bug!",https://tvtropes.org/pmwiki/pmwiki.php/Literature/PayMeBug,https://tvtropes.org/pmwiki/pmwiki.php/NoBiochemicalBarriers/AlienFoodIsEdible,"'Pay Me, Bug!':'https://tvtropes.org/pmwiki/pmwiki.php/Literature/PayMeBug'"
Please Teacher!,https://tvtropes.org/pmwiki/pmwiki.php/Anime/PleaseTeacher,https://tvtropes.org/pmwiki/pmwiki.php/NoBiochemicalBarriers/AlienFoodIsEdible,'Please Teacher!':'https://tvtropes.org/pmwiki/pmwiki.php/Anime/PleaseTeacher'
Power Rangers in Space,https://tvtropes.org/pmwiki/pmwiki.php/Series/PowerRangersInSpace,https://tvtropes.org/pmwiki/pmwiki.php/NoBiochemicalBarriers/AllAtmospheresAreEqual,'Power Rangers in Space':'https://tvtropes.org/pmwiki/pmwiki.php/Series/PowerRangersInSpace'
prequel,https://tvtropes.org/pmwiki/pmwiki.php/Film/TheThing2011,https://tvtropes.org/pmwiki/pmwiki.php/NoBiochemicalBarriers/CrossSpeciesDisease,'prequel':'https://tvtropes.org/pmwiki/pmwiki.php/Film/TheThing2011'
Prince Roger,https://tvtropes.org/pmwiki/pmwiki.php/Literature/PrinceRoger,https://tvtropes.org/pmwiki/pmwiki.php/NoBiochemicalBarriers/AlienFoodIsEdible,'Prince Roger':'https://tvtropes.org/pmwiki/pmwiki.php/Literature/PrinceRoger'
Rama II,https://tvtropes.org/pmwiki/pmwiki.php/Literature/RamaII,https://tvtropes.org/pmwiki/pmwiki.php/NoBiochemicalBarriers/AlienFoodIsEdible,'Rama II':'https://tvtropes.org/pmwiki/pmwiki.php/Literature/RamaII'
Remina,https://tvtropes.org/pmwiki/pmwiki.php/Manga/Remina,https://tvtropes.org/pmwiki/pmwiki.php/NoBiochemicalBarriers/AllAtmospheresAreEqual,'Remina':'https://tvtropes.org/pmwiki/pmwiki.php/Manga/Remina'
Rifters Trilogy,https://tvtropes.org/pmwiki/pmwiki.php/Literature/RiftersTrilogy,https://tvtropes.org/pmwiki/pmwiki.php/NoBiochemicalBarriers/CrossSpeciesDisease,'Rifters Trilogy':'https://tvtropes.org/pmwiki/pmwiki.php/Literature/RiftersTrilogy'
Rod Allbright Alien Adventures,https://tvtropes.org/pmwiki/pmwiki.php/Literature/RodAllbrightAlienAdventures,https://tvtropes.org/pmwiki/pmwiki.php/NoBiochemicalBarriers/AlienFoodIsEdible,'Rod Allbright Alien Adventures':'https://tvtropes.org/pmwiki/pmwiki.php/Literature/RodAllbrightAlienAdventures'
Runaway to the Stars,https://tvtropes.org/pmwiki/pmwiki.php/Webcomic/RunawayToTheStars,https://tvtropes.org/pmwiki/pmwiki.php/NoBiochemicalBarriers/AlienFoodIsEdible,'Runaway to the Stars':'https://tvtropes.org/pmwiki/pmwiki.php/Webcomic/RunawayToTheStars'
Saturday Morning Breakfast Cereal,https://tvtropes.org/pmwiki/pmwiki.php/Webcomic/SaturdayMorningBreakfastCereal,https://tvtropes.org/pmwiki/pmwiki.php/NoBiochemicalBarriers/AlienFoodIsEdible,'Saturday Morning Breakfast Cereal':'https://tvtropes.org/pmwiki/pmwiki.php/Webcomic/SaturdayMorningBreakfastCereal'
Schlock Mercenary,https://tvtropes.org/pmwiki/pmwiki.php/Webcomic/SchlockMercenary,https://tvtropes.org/pmwiki/pmwiki.php/NoBiochemicalBarriers/AlienFoodIsEdible,'Schlock Mercenary':'https://tvtropes.org/pmwiki/pmwiki.php/Webcomic/SchlockMercenary'
SCP Foundation,https://tvtropes.org/pmwiki/pmwiki.php/Website/SCPFoundation,https://tvtropes.org/pmwiki/pmwiki.php/NoBiochemicalBarriers/CrossSpeciesDisease,'SCP Foundation':'https://tvtropes.org/pmwiki/pmwiki.php/Website/SCPFoundation'
Serenity,https://tvtropes.org/pmwiki/pmwiki.php/Film/Serenity,https://tvtropes.org/pmwiki/pmwiki.php/NoBiochemicalBarriers/AllAtmospheresAreEqual,'Serenity':'https://tvtropes.org/pmwiki/pmwiki.php/Film/Serenity'
Sinestro Corps War,https://tvtropes.org/pmwiki/pmwiki.php/ComicBook/SinestroCorpsWar,https://tvtropes.org/pmwiki/pmwiki.php/NoBiochemicalBarriers/CrossSpeciesDisease,'Sinestro Corps War':'https://tvtropes.org/pmwiki/pmwiki.php/ComicBook/SinestroCorpsWar'
Sins of a Solar Empire,https://tvtropes.org/pmwiki/pmwiki.php/VideoGame/SinsOfASolarEmpire,https://tvtropes.org/pmwiki/pmwiki.php/NoBiochemicalBarriers/AllAtmospheresAreEqual,'Sins of a Solar Empire':'https://tvtropes.org/pmwiki/pmwiki.php/VideoGame/SinsOfASolarEmpire'
Skylark Series,https://tvtropes.org/pmwiki/pmwiki.php/Literature/SkylarkSeries,https://tvtropes.org/pmwiki/pmwiki.php/NoBiochemicalBarriers/AlienFoodIsEdible,'Skylark Series':'https://tvtropes.org/pmwiki/pmwiki.php/Literature/SkylarkSeries'
Space Empires,https://tvtropes.org/pmwiki/pmwiki.php/VideoGame/SpaceEmpires,https://tvtropes.org/pmwiki/pmwiki.php/NoBiochemicalBarriers/CrossSpeciesDisease,'Space Empires':'https://tvtropes.org/pmwiki/pmwiki.php/VideoGame/SpaceEmpires'
Space: Above and Beyond,https://tvtropes.org/pmwiki/pmwiki.php/Series/SpaceAboveAndBeyond,https://tvtropes.org/pmwiki/pmwiki.php/NoBiochemicalBarriers/CrossSpeciesDisease,'Space: Above and Beyond':'https://tvtropes.org/pmwiki/pmwiki.php/Series/SpaceAboveAndBeyond'
Space☆Dandy,https://tvtropes.org/pmwiki/pmwiki.php/Anime/SpaceDandy,https://tvtropes.org/pmwiki/pmwiki.php/NoBiochemicalBarriers/CrossSpeciesDisease,'Space☆Dandy':'https://tvtropes.org/pmwiki/pmwiki.php/Anime/SpaceDandy'
Spacebase Startopia,https://tvtropes.org/pmwiki/pmwiki.php/VideoGame/SpacebaseStartopia,https://tvtropes.org/pmwiki/pmwiki.php/NoBiochemicalBarriers/AlienFoodIsEdible,'Spacebase Startopia':'https://tvtropes.org/pmwiki/pmwiki.php/VideoGame/SpacebaseStartopia'
Spacetrawler,https://tvtropes.org/pmwiki/pmwiki.php/Webcomic/Spacetrawler,https://tvtropes.org/pmwiki/pmwiki.php/NoBiochemicalBarriers/AlienFoodIsEdible,'Spacetrawler':'https://tvtropes.org/pmwiki/pmwiki.php/Webcomic/Spacetrawler'
Speaker for the Dead,https://tvtropes.org/pmwiki/pmwiki.php/Literature/SpeakerForTheDead,https://tvtropes.org/pmwiki/pmwiki.php/NoBiochemicalBarriers/CrossSpeciesDisease,'Speaker for the Dead':'https://tvtropes.org/pmwiki/pmwiki.php/Literature/SpeakerForTheDead'
Star Control,https://tvtropes.org/pmwiki/pmwiki.php/VideoGame/StarControl,https://tvtropes.org/pmwiki/pmwiki.php/NoBiochemicalBarriers/CrossSpeciesDisease,'Star Control':'https://tvtropes.org/pmwiki/pmwiki.php/VideoGame/StarControl'
Star Ocean: Till the End of Time,https://tvtropes.org/pmwiki/pmwiki.php/VideoGame/StarOceanTillTheEndOfTime,https://tvtropes.org/pmwiki/pmwiki.php/NoBiochemicalBarriers/AlienFoodIsEdible,'Star Ocean: Till the End of Time':'https://tvtropes.org/pmwiki/pmwiki.php/VideoGame/StarOceanTillTheEndOfTime'
Star Resistance,https://tvtropes.org/pmwiki/pmwiki.php/VideoGame/ExtrapowerStarResistance,https://tvtropes.org/pmwiki/pmwiki.php/NoBiochemicalBarriers/AllAtmospheresAreEqual,'Star Resistance':'https://tvtropes.org/pmwiki/pmwiki.php/VideoGame/ExtrapowerStarResistance'
Star Trek: Enterprise,https://tvtropes.org/pmwiki/pmwiki.php/Series/StarTrekEnterprise,https://tvtropes.org/pmwiki/pmwiki.php/NoBiochemicalBarriers/CrossSpeciesDisease,'Star Trek: Enterprise':'https://tvtropes.org/pmwiki/pmwiki.php/Series/StarTrekEnterprise'
Star Trek: The Animated Series,https://tvtropes.org/pmwiki/pmwiki.php/WesternAnimation/StarTrekTheAnimatedSeries,https://tvtropes.org/pmwiki/pmwiki.php/NoBiochemicalBarriers/CrossSpeciesDisease,'Star Trek: The Animated Series':'https://tvtropes.org/pmwiki/pmwiki.php/WesternAnimation/StarTrekTheAnimatedSeries'
Star Trek: The Original Series,https://tvtropes.org/pmwiki/pmwiki.php/Series/StarTrekTheOriginalSeries,https://tvtropes.org/pmwiki/pmwiki.php/NoBiochemicalBarriers/CrossSpeciesDisease,'Star Trek: The Original Series':'https://tvtropes.org/pmwiki/pmwiki.php/Series/StarTrekTheOriginalSeries'
Star Trek: Voyager,https://tvtropes.org/pmwiki/pmwiki.php/Series/StarTrekVoyager,https://tvtropes.org/pmwiki/pmwiki.php/NoBiochemicalBarriers/CrossSpeciesDisease,'Star Trek: Voyager':'https://tvtropes.org/pmwiki/pmwiki.php/Series/StarTrekVoyager'
Star Wars: Canto Bight,https://tvtropes.org/pmwiki/pmwiki.php/Literature/StarWarsCantoBight,https://tvtropes.org/pmwiki/pmwiki.php/NoBiochemicalBarriers/AlienFoodIsEdible,'Star Wars: Canto Bight':'https://tvtropes.org/pmwiki/pmwiki.php/Literature/StarWarsCantoBight'
Star Wars: The Clone Wars,https://tvtropes.org/pmwiki/pmwiki.php/WesternAnimation/StarWarsTheCloneWars,https://tvtropes.org/pmwiki/pmwiki.php/NoBiochemicalBarriers/CrossSpeciesDisease,'Star Wars: The Clone Wars':'https://tvtropes.org/pmwiki/pmwiki.php/WesternAnimation/StarWarsTheCloneWars'
Starbound,https://tvtropes.org/pmwiki/pmwiki.php/VideoGame/Starbound,https://tvtropes.org/pmwiki/pmwiki.php/NoBiochemicalBarriers/AlienFoodIsEdible,'Starbound':'https://tvtropes.org/pmwiki/pmwiki.php/VideoGame/Starbound'
StarCraft,https://tvtropes.org/pmwiki/pmwiki.php/VideoGame/StarCraft,https://tvtropes.org/pmwiki/pmwiki.php/NoBiochemicalBarriers/CrossSpeciesDisease,'StarCraft':'https://tvtropes.org/pmwiki/pmwiki.php/VideoGame/StarCraft'
Starcraft II,https://tvtropes.org/pmwiki/pmwiki.php/VideoGame/StarcraftII,https://tvtropes.org/pmwiki/pmwiki.php/NoBiochemicalBarriers/AlienFoodIsEdible,'Starcraft II':'https://tvtropes.org/pmwiki/pmwiki.php/VideoGame/StarcraftII'
StarCraft II,https://tvtropes.org/pmwiki/pmwiki.php/VideoGame/StarCraftII,https://tvtropes.org/pmwiki/pmwiki.php/NoBiochemicalBarriers/AllAtmospheresAreEqual,'StarCraft II':'https://tvtropes.org/pmwiki/pmwiki.php/VideoGame/StarCraftII'
Starfire,https://tvtropes.org/pmwiki/pmwiki.php/ComicBook/Starfire,https://tvtropes.org/pmwiki/pmwiki.php/NoBiochemicalBarriers/AlienFoodIsEdible,'Starfire':'https://tvtropes.org/pmwiki/pmwiki.php/ComicBook/Starfire'
Stargate SG-1,https://tvtropes.org/pmwiki/pmwiki.php/Series/StargateSG1,https://tvtropes.org/pmwiki/pmwiki.php/NoBiochemicalBarriers/CrossSpeciesDisease,'Stargate SG-1':'https://tvtropes.org/pmwiki/pmwiki.php/Series/StargateSG1'
Stargate Universe,https://tvtropes.org/pmwiki/pmwiki.php/Series/StargateUniverse,https://tvtropes.org/pmwiki/pmwiki.php/NoBiochemicalBarriers/AlienFoodIsEdible,'Stargate Universe':'https://tvtropes.org/pmwiki/pmwiki.php/Series/StargateUniverse'
Startopia,https://tvtropes.org/pmwiki/pmwiki.php/VideoGame/Startopia,https://tvtropes.org/pmwiki/pmwiki.php/NoBiochemicalBarriers/AlienFoodIsEdible,'Startopia':'https://tvtropes.org/pmwiki/pmwiki.php/VideoGame/Startopia'
Steven Universe,https://tvtropes.org/pmwiki/pmwiki.php/WesternAnimation/StevenUniverse,https://tvtropes.org/pmwiki/pmwiki.php/NoBiochemicalBarriers/AllAtmospheresAreEqual,'Steven Universe':'https://tvtropes.org/pmwiki/pmwiki.php/WesternAnimation/StevenUniverse'
Subnautica,https://tvtropes.org/pmwiki/pmwiki.php/VideoGame/Subnautica,https://tvtropes.org/pmwiki/pmwiki.php/NoBiochemicalBarriers/AlienFoodIsEdible,'Subnautica':'https://tvtropes.org/pmwiki/pmwiki.php/VideoGame/Subnautica'
Sword of the Stars,https://tvtropes.org/pmwiki/pmwiki.php/VideoGame/SwordOfTheStars,https://tvtropes.org/pmwiki/pmwiki.php/NoBiochemicalBarriers/AlienFoodIsEdible,'Sword of the Stars':'https://tvtropes.org/pmwiki/pmwiki.php/VideoGame/SwordOfTheStars'
System Shock 2,https://tvtropes.org/pmwiki/pmwiki.php/VideoGame/SystemShock2,https://tvtropes.org/pmwiki/pmwiki.php/NoBiochemicalBarriers/CrossSpeciesDisease,'System Shock 2':'https://tvtropes.org/pmwiki/pmwiki.php/VideoGame/SystemShock2'
Tales from Jabba's Palace,https://tvtropes.org/pmwiki/pmwiki.php/Literature/TalesFromJabbasPalace,https://tvtropes.org/pmwiki/pmwiki.php/NoBiochemicalBarriers/AlienFoodIsEdible,'Tales from Jabba's Palace':'https://tvtropes.org/pmwiki/pmwiki.php/Literature/TalesFromJabbasPalace'
Tales from the Mos Eisley Cantina,https://tvtropes.org/pmwiki/pmwiki.php/Literature/TalesFromTheMosEisleyCantina,https://tvtropes.org/pmwiki/pmwiki.php/NoBiochemicalBarriers/AlienFoodIsEdible,'Tales from the Mos Eisley Cantina':'https://tvtropes.org/pmwiki/pmwiki.php/Literature/TalesFromTheMosEisleyCantina'
Teen Titans,https://tvtropes.org/pmwiki/pmwiki.php/WesternAnimation/TeenTitans,https://tvtropes.org/pmwiki/pmwiki.php/NoBiochemicalBarriers/AlienFoodIsEdible,'Teen Titans':'https://tvtropes.org/pmwiki/pmwiki.php/WesternAnimation/TeenTitans'
Teenagers from Outer Space,https://tvtropes.org/pmwiki/pmwiki.php/TabletopGame/TeenagersFromOuterSpace,https://tvtropes.org/pmwiki/pmwiki.php/NoBiochemicalBarriers/AlienFoodIsEdible,'Teenagers from Outer Space':'https://tvtropes.org/pmwiki/pmwiki.php/TabletopGame/TeenagersFromOuterSpace'
The Abyss,https://tvtropes.org/pmwiki/pmwiki.php/Film/TheAbyss,https://tvtropes.org/pmwiki/pmwiki.php/NoBiochemicalBarriers/AllAtmospheresAreEqual,'The Abyss':'https://tvtropes.org/pmwiki/pmwiki.php/Film/TheAbyss'
The Andromeda Strain,https://tvtropes.org/pmwiki/pmwiki.php/Literature/TheAndromedaStrain,https://tvtropes.org/pmwiki/pmwiki.php/NoBiochemicalBarriers/CrossSpeciesDisease,'The Andromeda Strain':'https://tvtropes.org/pmwiki/pmwiki.php/Literature/TheAndromedaStrain'
The Brain Pirates,https://tvtropes.org/pmwiki/pmwiki.php/Literature/TheBrainPirates,https://tvtropes.org/pmwiki/pmwiki.php/NoBiochemicalBarriers/AlienFoodIsEdible,'The Brain Pirates':'https://tvtropes.org/pmwiki/pmwiki.php/Literature/TheBrainPirates'
The Cobra Trilogy,https://tvtropes.org/pmwiki/pmwiki.php/Literature/TheCobraTrilogy,https://tvtropes.org/pmwiki/pmwiki.php/NoBiochemicalBarriers/AlienFoodIsEdible,'The Cobra Trilogy':'https://tvtropes.org/pmwiki/pmwiki.php/Literature/TheCobraTrilogy'
The Dig,https://tvtropes.org/pmwiki/pmwiki.php/VideoGame/TheDig,https://tvtropes.org/pmwiki/pmwiki.php/NoBiochemicalBarriers/CrossSpeciesDisease,'The Dig':'https://tvtropes.org/pmwiki/pmwiki.php/VideoGame/TheDig'
The Empire Strikes Back,https://tvtropes.org/pmwiki/pmwiki.php/Film/TheEmpireStrikesBack,https://tvtropes.org/pmwiki/pmwiki.php/NoBiochemicalBarriers/AlienFoodIsEdible,'The Empire Strikes Back':'https://tvtropes.org/pmwiki/pmwiki.php/Film/TheEmpireStrikesBack'
The Expanse,https://tvtropes.org/pmwiki/pmwiki.php/Literature/TheExpanse,https://tvtropes.org/pmwiki/pmwiki.php/NoBiochemicalBarriers/CrossSpeciesDisease,'The Expanse':'https://tvtropes.org/pmwiki/pmwiki.php/Literature/TheExpanse'
The Forerunner Saga,https://tvtropes.org/pmwiki/pmwiki.php/Literature/TheForerunnerSaga,https://tvtropes.org/pmwiki/pmwiki.php/NoBiochemicalBarriers/AlienFoodIsEdible,'The Forerunner Saga':'https://tvtropes.org/pmwiki/pmwiki.php/Literature/TheForerunnerSaga'
The Han Solo Trilogy,https://tvtropes.org/pmwiki/pmwiki.php/Literature/TheHanSoloTrilogy,https://tvtropes.org/pmwiki/pmwiki.php/NoBiochemicalBarriers/AlienFoodIsEdible,'The Han Solo Trilogy':'https://tvtropes.org/pmwiki/pmwiki.php/Literature/TheHanSoloTrilogy'
The Kaiju Preservation Society,https://tvtropes.org/pmwiki/pmwiki.php/Literature/TheKaijuPreservationSociety,https://tvtropes.org/pmwiki/pmwiki.php/NoBiochemicalBarriers/AllAtmospheresAreEqual,'The Kaiju Preservation Society':'https://tvtropes.org/pmwiki/pmwiki.php/Literature/TheKaijuPreservationSociety'
The Left Hand of Darkness,https://tvtropes.org/pmwiki/pmwiki.php/Literature/TheLeftHandOfDarkness,https://tvtropes.org/pmwiki/pmwiki.php/NoBiochemicalBarriers/AlienFoodIsEdible,'The Left Hand of Darkness':'https://tvtropes.org/pmwiki/pmwiki.php/Literature/TheLeftHandOfDarkness'
The Night's Dawn Trilogy,https://tvtropes.org/pmwiki/pmwiki.php/Literature/TheNightsDawnTrilogy,https://tvtropes.org/pmwiki/pmwiki.php/NoBiochemicalBarriers/AlienFoodIsEdible,'The Night's Dawn Trilogy':'https://tvtropes.org/pmwiki/pmwiki.php/Literature/TheNightsDawnTrilogy'
The Owl House,https://tvtropes.org/pmwiki/pmwiki.php/WesternAnimation/TheOwlHouse,https://tvtropes.org/pmwiki/pmwiki.php/NoBiochemicalBarriers/AlienFoodIsEdible,'The Owl House':'https://tvtropes.org/pmwiki/pmwiki.php/WesternAnimation/TheOwlHouse'
The Planeteers,https://tvtropes.org/pmwiki/pmwiki.php/Literature/ThePlaneteers,https://tvtropes.org/pmwiki/pmwiki.php/NoBiochemicalBarriers/AlienFoodIsEdible,'The Planeteers':'https://tvtropes.org/pmwiki/pmwiki.php/Literature/ThePlaneteers'
The Space Between Us,https://tvtropes.org/pmwiki/pmwiki.php/Film/TheSpaceBetweenUs,https://tvtropes.org/pmwiki/pmwiki.php/NoBiochemicalBarriers/AllAtmospheresAreEqual,'The Space Between Us':'https://tvtropes.org/pmwiki/pmwiki.php/Film/TheSpaceBetweenUs'
The Space Trilogy,https://tvtropes.org/pmwiki/pmwiki.php/Literature/TheSpaceTrilogy,https://tvtropes.org/pmwiki/pmwiki.php/NoBiochemicalBarriers/AlienFoodIsEdible,'The Space Trilogy':'https://tvtropes.org/pmwiki/pmwiki.php/Literature/TheSpaceTrilogy'
The Sparrow,https://tvtropes.org/pmwiki/pmwiki.php/Literature/TheSparrow,https://tvtropes.org/pmwiki/pmwiki.php/NoBiochemicalBarriers/AlienFoodIsEdible,'The Sparrow':'https://tvtropes.org/pmwiki/pmwiki.php/Literature/TheSparrow'
The Thing (1982),https://tvtropes.org/pmwiki/pmwiki.php/Film/TheThing1982,https://tvtropes.org/pmwiki/pmwiki.php/NoBiochemicalBarriers/CrossSpeciesDisease,'The Thing (1982)':'https://tvtropes.org/pmwiki/pmwiki.php/Film/TheThing1982'
The Turing Test,https://tvtropes.org/pmwiki/pmwiki.php/VideoGame/TheTuringTest,https://tvtropes.org/pmwiki/pmwiki.php/NoBiochemicalBarriers/CrossSpeciesDisease,'The Turing Test':'https://tvtropes.org/pmwiki/pmwiki.php/VideoGame/TheTuringTest'
The Untold Story of Argo City,https://tvtropes.org/pmwiki/pmwiki.php/ComicBook/TheUntoldStoryOfArgoCity,https://tvtropes.org/pmwiki/pmwiki.php/NoBiochemicalBarriers/AllAtmospheresAreEqual,'The Untold Story of Argo City':'https://tvtropes.org/pmwiki/pmwiki.php/ComicBook/TheUntoldStoryOfArgoCity'
The War Against the Chtorr,https://tvtropes.org/pmwiki/pmwiki.php/Literature/TheWarAgainstTheChtorr,https://tvtropes.org/pmwiki/pmwiki.php/NoBiochemicalBarriers/AlienFoodIsEdible,'The War Against the Chtorr':'https://tvtropes.org/pmwiki/pmwiki.php/Literature/TheWarAgainstTheChtorr'
The War of the Worlds (1898),https://tvtropes.org/pmwiki/pmwiki.php/Literature/TheWarOfTheWorlds1898,https://tvtropes.org/pmwiki/pmwiki.php/NoBiochemicalBarriers/CrossSpeciesDisease,'The War of the Worlds (1898)':'https://tvtropes.org/pmwiki/pmwiki.php/Literature/TheWarOfTheWorlds1898'
The Way of Water,https://tvtropes.org/pmwiki/pmwiki.php/Film/AvatarTheWayOfWater,https://tvtropes.org/pmwiki/pmwiki.php/NoBiochemicalBarriers/AllAtmospheresAreEqual,'The Way of Water':'https://tvtropes.org/pmwiki/pmwiki.php/Film/AvatarTheWayOfWater'
this comic,https://jayeaton.site/Art/RttS/Comics/OilAndWater,https://tvtropes.org/pmwiki/pmwiki.php/NoBiochemicalBarriers/AlienFoodIsEdible,'this comic':'https://jayeaton.site/Art/RttS/Comics/OilAndWater'
TNG,https://tvtropes.org/pmwiki/pmwiki.php/Series/StarTrekTheNextGeneration,https://tvtropes.org/pmwiki/pmwiki.php/NoBiochemicalBarriers/CrossSpeciesDisease,'TNG':'https://tvtropes.org/pmwiki/pmwiki.php/Series/StarTrekTheNextGeneration'
Top 10,https://tvtropes.org/pmwiki/pmwiki.php/ComicBook/TopTen,https://tvtropes.org/pmwiki/pmwiki.php/NoBiochemicalBarriers/CrossSpeciesDisease,'Top 10':'https://tvtropes.org/pmwiki/pmwiki.php/ComicBook/TopTen'
Torchwood: Children of Earth,https://tvtropes.org/pmwiki/pmwiki.php/Series/TorchwoodChildrenOfEarth,https://tvtropes.org/pmwiki/pmwiki.php/NoBiochemicalBarriers/AllAtmospheresAreEqual,'Torchwood: Children of Earth':'https://tvtropes.org/pmwiki/pmwiki.php/Series/TorchwoodChildrenOfEarth'
Tower of God,https://tvtropes.org/pmwiki/pmwiki.php/Webcomic/TowerOfGod,https://tvtropes.org/pmwiki/pmwiki.php/NoBiochemicalBarriers/AllAtmospheresAreEqual,'Tower of God':'https://tvtropes.org/pmwiki/pmwiki.php/Webcomic/TowerOfGod'
Toy Story,https://tvtropes.org/pmwiki/pmwiki.php/WesternAnimation/ToyStory1,https://tvtropes.org/pmwiki/pmwiki.php/NoBiochemicalBarriers/AllAtmospheresAreEqual,'Toy Story':'https://tvtropes.org/pmwiki/pmwiki.php/WesternAnimation/ToyStory1'
Tracker,https://tvtropes.org/pmwiki/pmwiki.php/Series/Tracker,https://tvtropes.org/pmwiki/pmwiki.php/NoBiochemicalBarriers/CrossSpeciesDisease,'Tracker':'https://tvtropes.org/pmwiki/pmwiki.php/Series/Tracker'
Traveller,https://tvtropes.org/pmwiki/pmwiki.php/TabletopGame/Traveller,https://tvtropes.org/pmwiki/pmwiki.php/NoBiochemicalBarriers/AllAtmospheresAreEqual,'Traveller':'https://tvtropes.org/pmwiki/pmwiki.php/TabletopGame/Traveller'
Trying Human,https://tvtropes.org/pmwiki/pmwiki.php/Webcomic/TryingHuman,https://tvtropes.org/pmwiki/pmwiki.php/NoBiochemicalBarriers/AllAtmospheresAreEqual,'Trying Human':'https://tvtropes.org/pmwiki/pmwiki.php/Webcomic/TryingHuman'
TV spin-off,https://tvtropes.org/pmwiki/pmwiki.php/Series/AlienNation,https://tvtropes.org/pmwiki/pmwiki.php/NoBiochemicalBarriers/AlienFoodIsEdible,'TV spin-off':'https://tvtropes.org/pmwiki/pmwiki.php/Series/AlienNation'
Uhura's Song,https://tvtropes.org/pmwiki/pmwiki.php/Literature/UhurasSong,https://tvtropes.org/pmwiki/pmwiki.php/NoBiochemicalBarriers/CrossSpeciesDisease,'Uhura's Song':'https://tvtropes.org/pmwiki/pmwiki.php/Literature/UhurasSong'
Uplift,https://tvtropes.org/pmwiki/pmwiki.php/Literature/Uplift,https://tvtropes.org/pmwiki/pmwiki.php/NoBiochemicalBarriers/AllAtmospheresAreEqual,'Uplift':'https://tvtropes.org/pmwiki/pmwiki.php/Literature/Uplift'
Urusei Yatsura,https://tvtropes.org/pmwiki/pmwiki.php/Manga/UruseiYatsura,https://tvtropes.org/pmwiki/pmwiki.php/NoBiochemicalBarriers/AlienFoodIsEdible,'Urusei Yatsura':'https://tvtropes.org/pmwiki/pmwiki.php/Manga/UruseiYatsura'
Vandread,https://tvtropes.org/pmwiki/pmwiki.php/Anime/Vandread,https://tvtropes.org/pmwiki/pmwiki.php/NoBiochemicalBarriers/AlienFoodIsEdible,'Vandread':'https://tvtropes.org/pmwiki/pmwiki.php/Anime/Vandread'
Vol 1,https://tvtropes.org/pmwiki/pmwiki.php/ComicBook/WonderWoman1942,https://tvtropes.org/pmwiki/pmwiki.php/NoBiochemicalBarriers/AlienFoodIsEdible,'Vol 1':'https://tvtropes.org/pmwiki/pmwiki.php/ComicBook/WonderWoman1942'
Voltron: Legendary Defender,https://tvtropes.org/pmwiki/pmwiki.php/WesternAnimation/VoltronLegendaryDefender,https://tvtropes.org/pmwiki/pmwiki.php/NoBiochemicalBarriers/AllAtmospheresAreEqual,'Voltron: Legendary Defender':'https://tvtropes.org/pmwiki/pmwiki.php/WesternAnimation/VoltronLegendaryDefender'
Vorkosigan Saga,https://tvtropes.org/pmwiki/pmwiki.php/Literature/VorkosiganSaga,https://tvtropes.org/pmwiki/pmwiki.php/NoBiochemicalBarriers/CrossSpeciesDisease,'Vorkosigan Saga':'https://tvtropes.org/pmwiki/pmwiki.php/Literature/VorkosiganSaga'
Warcraft,https://tvtropes.org/pmwiki/pmwiki.php/VideoGame/Warcraft,https://tvtropes.org/pmwiki/pmwiki.php/NoBiochemicalBarriers/CrossSpeciesDisease,'Warcraft':'https://tvtropes.org/pmwiki/pmwiki.php/VideoGame/Warcraft'
"Warhammer 40,000",https://tvtropes.org/pmwiki/pmwiki.php/TabletopGame/Warhammer40000,https://tvtropes.org/pmwiki/pmwiki.php/NoBiochemicalBarriers/AlienFoodIsEdible,"'Warhammer 40,000':'https://tvtropes.org/pmwiki/pmwiki.php/TabletopGame/Warhammer40000'"
WarioWare,https://tvtropes.org/pmwiki/pmwiki.php/VideoGame/WarioWare,https://tvtropes.org/pmwiki/pmwiki.php/NoBiochemicalBarriers/AlienFoodIsEdible,'WarioWare':'https://tvtropes.org/pmwiki/pmwiki.php/VideoGame/WarioWare'
Wings of Liberty,https://tvtropes.org/pmwiki/pmwiki.php/VideoGame/StarCraftIIWingsOfLiberty,https://tvtropes.org/pmwiki/pmwiki.php/NoBiochemicalBarriers/AlienFoodIsEdible,'Wings of Liberty':'https://tvtropes.org/pmwiki/pmwiki.php/VideoGame/StarCraftIIWingsOfLiberty'
World of Warcraft,https://tvtropes.org/pmwiki/pmwiki.php/VideoGame/WorldOfWarcraft,https://tvtropes.org/pmwiki/pmwiki.php/NoBiochemicalBarriers/CrossSpeciesDisease,'World of Warcraft':'https://tvtropes.org/pmwiki/pmwiki.php/VideoGame/WorldOfWarcraft'
Worldwar,https://tvtropes.org/pmwiki/pmwiki.php/Literature/Worldwar,https://tvtropes.org/pmwiki/pmwiki.php/NoBiochemicalBarriers/AlienFoodIsEdible,'Worldwar':'https://tvtropes.org/pmwiki/pmwiki.php/Literature/Worldwar'
Wyjscie Z Cienia,https://tvtropes.org/pmwiki/pmwiki.php/Literature/WyjscieZCienia,https://tvtropes.org/pmwiki/pmwiki.php/NoBiochemicalBarriers/AlienFoodIsEdible,'Wyjscie Z Cienia':'https://tvtropes.org/pmwiki/pmwiki.php/Literature/WyjscieZCienia'
X-Wing Rogue Squadron,https://tvtropes.org/pmwiki/pmwiki.php/ComicBook/XWingRogueSquadron,https://tvtropes.org/pmwiki/pmwiki.php/NoBiochemicalBarriers/AlienFoodIsEdible,'X-Wing Rogue Squadron':'https://tvtropes.org/pmwiki/pmwiki.php/ComicBook/XWingRogueSquadron'
X-Wing Series,https://tvtropes.org/pmwiki/pmwiki.php/Literature/XWingSeries,https://tvtropes.org/pmwiki/pmwiki.php/NoBiochemicalBarriers/CrossSpeciesDisease,'X-Wing Series':'https://tvtropes.org/pmwiki/pmwiki.php/Literature/XWingSeries'
XCOM: Chimera Squad,https://tvtropes.org/pmwiki/pmwiki.php/VideoGame/XCOMChimeraSquad,https://tvtropes.org/pmwiki/pmwiki.php/NoBiochemicalBarriers/AlienFoodIsEdible,'XCOM: Chimera Squad':'https://tvtropes.org/pmwiki/pmwiki.php/VideoGame/XCOMChimeraSquad'
Xenoblade Chronicles X,https://tvtropes.org/pmwiki/pmwiki.php/VideoGame/XenobladeChroniclesX,https://tvtropes.org/pmwiki/pmwiki.php/NoBiochemicalBarriers/AlienFoodIsEdible,'Xenoblade Chronicles X':'https://tvtropes.org/pmwiki/pmwiki.php/VideoGame/XenobladeChroniclesX'
Addicted to Curry,https://tvtropes.org/pmwiki/pmwiki.php/Manga/AddictedToCurry,https://tvtropes.org/pmwiki/pmwiki.php/NoBiochemicalBarriers/CrossSpeciesDisease,'Addicted to Curry':'https://tvtropes.org/pmwiki/pmwiki.php/Manga/AddictedToCurry'
The Detectives,https://tvtropes.org/pmwiki/pmwiki.php/Series/TheDetectives,https://tvtropes.org/pmwiki/pmwiki.php/NoBiochemicalBarriers/AllAtmospheresAreEqual,'The Detectives':'https://tvtropes.org/pmwiki/pmwiki.php/Series/TheDetectives'
,,,"{'A True Story':'https://tvtropes.org/pmwiki/pmwiki.php/Literature/ATrueStory', 'Agents of S.H.I.E.L.D.':'https://tvtropes.org/pmwiki/pmwiki.php/Series/AgentsOfSHIELD', 'Alien Nation':'https://tvtropes.org/pmwiki/pmwiki.php/Film/AlienNation', 'Alien: Resurrection':'https://tvtropes.org/pmwiki/pmwiki.php/Film/AlienResurrection', 'Amazon Women on the Moon':'https://tvtropes.org/pmwiki/pmwiki.php/Film/AmazonWomenOnTheMoon', 'American Dad!':'https://tvtropes.org/pmwiki/pmwiki.php/WesternAnimation/AmericanDad', 'Amphibia':'https://tvtropes.org/pmwiki/pmwiki.php/WesternAnimation/Amphibia', 'Animorphs':'https://tvtropes.org/pmwiki/pmwiki.php/Literature/Animorphs', 'Archie's gang':'https://tvtropes.org/pmwiki/pmwiki.php/ComicBook/ArchieComics', 'Astro Kid':'https://tvtropes.org/pmwiki/pmwiki.php/WesternAnimation/AstroKid', 'Avatar':'https://tvtropes.org/pmwiki/pmwiki.php/Film/Avatar', 'Aven Colony':'https://tvtropes.org/pmwiki/pmwiki.php/VideoGame/AvenColony', 'Awful Hospital':'https://tvtropes.org/pmwiki/pmwiki.php/Webcomic/AwfulHospital', 'Babylon 5':'https://tvtropes.org/pmwiki/pmwiki.php/Series/BabylonFive', 'Battlestar Galactica (1978)':'https://tvtropes.org/pmwiki/pmwiki.php/Series/BattlestarGalactica1978', 'Ben 10':'https://tvtropes.org/pmwiki/pmwiki.php/WesternAnimation/Ben10', 'Ben 10: Alien Force':'https://tvtropes.org/pmwiki/pmwiki.php/WesternAnimation/Ben10AlienForce', 'Ben 10: Omniverse':'https://tvtropes.org/pmwiki/pmwiki.php/WesternAnimation/Ben10Omniverse', 'Birdy the Mighty':'https://tvtropes.org/pmwiki/pmwiki.php/Anime/BirdyTheMighty', 'Bleak World':'https://tvtropes.org/pmwiki/pmwiki.php/TabletopGame/BleakWorld', 'Borderlands':'https://tvtropes.org/pmwiki/pmwiki.php/VideoGame/Borderlands', 'cartoon':'https://tvtropes.org/pmwiki/pmwiki.php/WesternAnimation/MenInBlack', 'Cat Planet Cuties':'https://tvtropes.org/pmwiki/pmwiki.php/Literature/CatPlanetCuties', 'Chanur Novels':'https://tvtropes.org/pmwiki/pmwiki.php/Literature/ChanurNovels', 'Chitauri':'https://tvtropes.org/pmwiki/pmwiki.php/Film/TheAvengers2012', 'Civilization: Beyond Earth':'https://tvtropes.org/pmwiki/pmwiki.php/VideoGame/CivilizationBeyondEarth', 'David Starr, Space Ranger':'https://tvtropes.org/pmwiki/pmwiki.php/Literature/DavidStarrSpaceRanger', 'Day of the Animals':'https://tvtropes.org/pmwiki/pmwiki.php/Film/DayOfTheAnimals', 'Death in Winter':'https://tvtropes.org/pmwiki/pmwiki.php/Literature/StarTrekTheNextGenerationRelaunch', 'Death Note':'https://tvtropes.org/pmwiki/pmwiki.php/Manga/DeathNote', 'Deep Space Nine':'https://tvtropes.org/pmwiki/pmwiki.php/Series/StarTrekDeepSpaceNine', 'Defiance':'https://tvtropes.org/pmwiki/pmwiki.php/Series/Defiance', 'District 9':'https://tvtropes.org/pmwiki/pmwiki.php/Film/District9', 'Doctor Strange in the Multiverse of Madness':'https://tvtropes.org/pmwiki/pmwiki.php/Film/DoctorStrangeInTheMultiverseOfMadness', 'Doctor Who':'https://tvtropes.org/pmwiki/pmwiki.php/Series/DoctorWho', 'Doctor Who New Adventures':'https://tvtropes.org/pmwiki/pmwiki.php/Literature/DoctorWhoNewAdventures', 'Dragon Ball Z':'https://tvtropes.org/pmwiki/pmwiki.php/Anime/DragonBallZ', 'Dragonriders of Pern':'https://tvtropes.org/pmwiki/pmwiki.php/Literature/DragonridersOfPern', 'Duchy Of Terra':'https://tvtropes.org/pmwiki/pmwiki.php/Literature/DuchyOfTerra', 'Encounter With Tiber':'https://tvtropes.org/pmwiki/pmwiki.php/Literature/EncounterWithTiber', 'Etta Candy':'https://tvtropes.org/pmwiki/pmwiki.php/ComicBook/EttaCandy', 'EXTRAPOWER: Attack of Darkforce':'https://tvtropes.org/pmwiki/pmwiki.php/VideoGame/EXTRAPOWERAttackOfDarkforce', 'Fallout 3':'https://tvtropes.org/pmwiki/pmwiki.php/VideoGame/Fallout3', 'Farscape':'https://tvtropes.org/pmwiki/pmwiki.php/Series/Farscape', 'Final Fantasy IV':'https://tvtropes.org/pmwiki/pmwiki.php/VideoGame/FinalFantasyIV', 'Foreigner (1994)':'https://tvtropes.org/pmwiki/pmwiki.php/Literature/Foreigner1994', 'Freefall':'https://tvtropes.org/pmwiki/pmwiki.php/Webcomic/Freefall', 'Freeman's Mind':'https://tvtropes.org/pmwiki/pmwiki.php/WebVideo/FreemansMind', 'Futurama':'https://tvtropes.org/pmwiki/pmwiki.php/WesternAnimation/Futurama', 'Galaxy Quest':'https://tvtropes.org/pmwiki/pmwiki.php/Film/GalaxyQuest', 'Gargantia on the Verdurous Planet':'https://tvtropes.org/pmwiki/pmwiki.php/Anime/GargantiaOnTheVerdurousPlanet', 'Godspeed':'https://tvtropes.org/pmwiki/pmwiki.php/Literature/Godspeed', 'Green Lantern':'https://tvtropes.org/pmwiki/pmwiki.php/ComicBook/GreenLantern', 'Hainish':'https://tvtropes.org/pmwiki/pmwiki.php/Literature/Hainish', 'Half-Life':'https://tvtropes.org/pmwiki/pmwiki.php/VideoGame/HalfLife', 'Halo: Broken Circle':'https://tvtropes.org/pmwiki/pmwiki.php/Literature/HaloBrokenCircle', 'Halo: Glasslands':'https://tvtropes.org/pmwiki/pmwiki.php/Literature/HaloGlasslands', 'Hayven Celestia':'https://tvtropes.org/pmwiki/pmwiki.php/Literature/HayvenCelestia', 'Hetalia: Axis Powers':'https://tvtropes.org/pmwiki/pmwiki.php/Webcomic/HetaliaAxisPowers', 'Honor Harrington':'https://tvtropes.org/pmwiki/pmwiki.php/Literature/HonorHarrington', 'Hostess':'https://tvtropes.org/pmwiki/pmwiki.php/Literature/Hostess', 'Humanx Commonwealth':'https://tvtropes.org/pmwiki/pmwiki.php/Literature/HumanxCommonwealth', 'I Was a Teenage Exocolonist':'https://tvtropes.org/pmwiki/pmwiki.php/VideoGame/IWasATeenageExocolonist', 'I, Jedi':'https://tvtropes.org/pmwiki/pmwiki.php/Literature/IJedi', 'Independence Day':'https://tvtropes.org/pmwiki/pmwiki.php/Film/IndependenceDay', 'Into the Looking Glass':'https://tvtropes.org/pmwiki/pmwiki.php/Literature/IntoTheLookingGlass', 'INVADERS of the ROKUJYOUMA!?':'https://tvtropes.org/pmwiki/pmwiki.php/Literature/InvadersOfTheRokujyouma', 'Janitors Of The Post Apocalypse':'https://tvtropes.org/pmwiki/pmwiki.php/Literature/JanitorsOfThePostApocalypse', 'Janitors of the Post-Apocalypse':'https://tvtropes.org/pmwiki/pmwiki.php/Literature/JanitorsOfThePostapocalypse', 'Jedi Apprentice':'https://tvtropes.org/pmwiki/pmwiki.php/Literature/JediApprentice', 'Justice League':'https://tvtropes.org/pmwiki/pmwiki.php/WesternAnimation/JusticeLeague', 'Kevin & Kell':'https://tvtropes.org/pmwiki/pmwiki.php/Webcomic/KevinAndKell', 'Kid Cosmic':'https://tvtropes.org/pmwiki/pmwiki.php/WesternAnimation/KidCosmic', 'Known Space':'https://tvtropes.org/pmwiki/pmwiki.php/Literature/KnownSpace', 'Legion of Super-Heroes':'https://tvtropes.org/pmwiki/pmwiki.php/ComicBook/LegionOfSuperHeroes', 'Macross Frontier':'https://tvtropes.org/pmwiki/pmwiki.php/Anime/MacrossFrontier', 'Mass Effect 3':'https://tvtropes.org/pmwiki/pmwiki.php/VideoGame/MassEffect3', 'Mass Effect Annihilation':'https://tvtropes.org/pmwiki/pmwiki.php/Literature/MassEffectAnnihilation', 'Mass Effect: Andromeda':'https://tvtropes.org/pmwiki/pmwiki.php/VideoGame/MassEffectAndromeda', 'Men in Black':'https://tvtropes.org/pmwiki/pmwiki.php/Film/MenInBlack', 'Mighty Morphin' Power Rangers':'https://tvtropes.org/pmwiki/pmwiki.php/Series/MightyMorphinPowerRangers', 'Mobile Suit Crossbone Gundam':'https://tvtropes.org/pmwiki/pmwiki.php/Manga/MobileSuitCrossboneGundam', 'Nyaruko: Crawling with Love!':'https://tvtropes.org/pmwiki/pmwiki.php/Literature/NyarukoCrawlingWithLove', 'Old Man's War':'https://tvtropes.org/pmwiki/pmwiki.php/Literature/OldMansWar', 'Outsider':'https://tvtropes.org/pmwiki/pmwiki.php/Webcomic/Outsider', 'Pay Me, Bug!':'https://tvtropes.org/pmwiki/pmwiki.php/Literature/PayMeBug', 'Please Teacher!':'https://tvtropes.org/pmwiki/pmwiki.php/Anime/PleaseTeacher', 'Power Rangers in Space':'https://tvtropes.org/pmwiki/pmwiki.php/Series/PowerRangersInSpace', 'prequel':'https://tvtropes.org/pmwiki/pmwiki.php/Film/TheThing2011', 'Prince Roger':'https://tvtropes.org/pmwiki/pmwiki.php/Literature/PrinceRoger', 'Rama II':'https://tvtropes.org/pmwiki/pmwiki.php/Literature/RamaII', 'Remina':'https://tvtropes.org/pmwiki/pmwiki.php/Manga/Remina', 'Rifters Trilogy':'https://tvtropes.org/pmwiki/pmwiki.php/Literature/RiftersTrilogy', 'Rod Allbright Alien Adventures':'https://tvtropes.org/pmwiki/pmwiki.php/Literature/RodAllbrightAlienAdventures', 'Runaway to the Stars':'https://tvtropes.org/pmwiki/pmwiki.php/Webcomic/RunawayToTheStars', 'Saturday Morning Breakfast Cereal':'https://tvtropes.org/pmwiki/pmwiki.php/Webcomic/SaturdayMorningBreakfastCereal', 'Schlock Mercenary':'https://tvtropes.org/pmwiki/pmwiki.php/Webcomic/SchlockMercenary', 'SCP Foundation':'https://tvtropes.org/pmwiki/pmwiki.php/Website/SCPFoundation', 'Serenity':'https://tvtropes.org/pmwiki/pmwiki.php/Film/Serenity', 'Sinestro Corps War':'https://tvtropes.org/pmwiki/pmwiki.php/ComicBook/SinestroCorpsWar', 'Sins of a Solar Empire':'https://tvtropes.org/pmwiki/pmwiki.php/VideoGame/SinsOfASolarEmpire', 'Skylark Series':'https://tvtropes.org/pmwiki/pmwiki.php/Literature/SkylarkSeries', 'Space Empires':'https://tvtropes.org/pmwiki/pmwiki.php/VideoGame/SpaceEmpires', 'Space: Above and Beyond':'https://tvtropes.org/pmwiki/pmwiki.php/Series/SpaceAboveAndBeyond', 'Space☆Dandy':'https://tvtropes.org/pmwiki/pmwiki.php/Anime/SpaceDandy', 'Spacebase Startopia':'https://tvtropes.org/pmwiki/pmwiki.php/VideoGame/SpacebaseStartopia', 'Spacetrawler':'https://tvtropes.org/pmwiki/pmwiki.php/Webcomic/Spacetrawler', 'Speaker for the Dead':'https://tvtropes.org/pmwiki/pmwiki.php/Literature/SpeakerForTheDead', 'Star Control':'https://tvtropes.org/pmwiki/pmwiki.php/VideoGame/StarControl', 'Star Ocean: Till the End of Time':'https://tvtropes.org/pmwiki/pmwiki.php/VideoGame/StarOceanTillTheEndOfTime', 'Star Resistance':'https://tvtropes.org/pmwiki/pmwiki.php/VideoGame/ExtrapowerStarResistance', 'Star Trek: Enterprise':'https://tvtropes.org/pmwiki/pmwiki.php/Series/StarTrekEnterprise', 'Star Trek: The Animated Series':'https://tvtropes.org/pmwiki/pmwiki.php/WesternAnimation/StarTrekTheAnimatedSeries', 'Star Trek: The Original Series':'https://tvtropes.org/pmwiki/pmwiki.php/Series/StarTrekTheOriginalSeries', 'Star Trek: Voyager':'https://tvtropes.org/pmwiki/pmwiki.php/Series/StarTrekVoyager', 'Star Wars: Canto Bight':'https://tvtropes.org/pmwiki/pmwiki.php/Literature/StarWarsCantoBight', 'Star Wars: The Clone Wars':'https://tvtropes.org/pmwiki/pmwiki.php/WesternAnimation/StarWarsTheCloneWars', 'Starbound':'https://tvtropes.org/pmwiki/pmwiki.php/VideoGame/Starbound', 'StarCraft':'https://tvtropes.org/pmwiki/pmwiki.php/VideoGame/StarCraft', 'Starcraft II':'https://tvtropes.org/pmwiki/pmwiki.php/VideoGame/StarcraftII', 'StarCraft II':'https://tvtropes.org/pmwiki/pmwiki.php/VideoGame/StarCraftII', 'Starfire':'https://tvtropes.org/pmwiki/pmwiki.php/ComicBook/Starfire', 'Stargate SG-1':'https://tvtropes.org/pmwiki/pmwiki.php/Series/StargateSG1', 'Stargate Universe':'https://tvtropes.org/pmwiki/pmwiki.php/Series/StargateUniverse', 'Startopia':'https://tvtropes.org/pmwiki/pmwiki.php/VideoGame/Startopia', 'Steven Universe':'https://tvtropes.org/pmwiki/pmwiki.php/WesternAnimation/StevenUniverse', 'Subnautica':'https://tvtropes.org/pmwiki/pmwiki.php/VideoGame/Subnautica', 'Sword of the Stars':'https://tvtropes.org/pmwiki/pmwiki.php/VideoGame/SwordOfTheStars', 'System Shock 2':'https://tvtropes.org/pmwiki/pmwiki.php/VideoGame/SystemShock2', 'Tales from Jabba's Palace':'https://tvtropes.org/pmwiki/pmwiki.php/Literature/TalesFromJabbasPalace', 'Tales from the Mos Eisley Cantina':'https://tvtropes.org/pmwiki/pmwiki.php/Literature/TalesFromTheMosEisleyCantina', 'Teen Titans':'https://tvtropes.org/pmwiki/pmwiki.php/WesternAnimation/TeenTitans', 'Teenagers from Outer Space':'https://tvtropes.org/pmwiki/pmwiki.php/TabletopGame/TeenagersFromOuterSpace', 'The Abyss':'https://tvtropes.org/pmwiki/pmwiki.php/Film/TheAbyss', 'The Andromeda Strain':'https://tvtropes.org/pmwiki/pmwiki.php/Literature/TheAndromedaStrain', 'The Brain Pirates':'https://tvtropes.org/pmwiki/pmwiki.php/Literature/TheBrainPirates', 'The Cobra Trilogy':'https://tvtropes.org/pmwiki/pmwiki.php/Literature/TheCobraTrilogy', 'The Dig':'https://tvtropes.org/pmwiki/pmwiki.php/VideoGame/TheDig', 'The Empire Strikes Back':'https://tvtropes.org/pmwiki/pmwiki.php/Film/TheEmpireStrikesBack', 'The Expanse':'https://tvtropes.org/pmwiki/pmwiki.php/Literature/TheExpanse', 'The Forerunner Saga':'https://tvtropes.org/pmwiki/pmwiki.php/Literature/TheForerunnerSaga', 'The Han Solo Trilogy':'https://tvtropes.org/pmwiki/pmwiki.php/Literature/TheHanSoloTrilogy', 'The Kaiju Preservation Society':'https://tvtropes.org/pmwiki/pmwiki.php/Literature/TheKaijuPreservationSociety', 'The Left Hand of Darkness':'https://tvtropes.org/pmwiki/pmwiki.php/Literature/TheLeftHandOfDarkness', 'The Night's Dawn Trilogy':'https://tvtropes.org/pmwiki/pmwiki.php/Literature/TheNightsDawnTrilogy', 'The Owl House':'https://tvtropes.org/pmwiki/pmwiki.php/WesternAnimation/TheOwlHouse', 'The Planeteers':'https://tvtropes.org/pmwiki/pmwiki.php/Literature/ThePlaneteers', 'The Space Between Us':'https://tvtropes.org/pmwiki/pmwiki.php/Film/TheSpaceBetweenUs', 'The Space Trilogy':'https://tvtropes.org/pmwiki/pmwiki.php/Literature/TheSpaceTrilogy', 'The Sparrow':'https://tvtropes.org/pmwiki/pmwiki.php/Literature/TheSparrow', 'The Thing (1982)':'https://tvtropes.org/pmwiki/pmwiki.php/Film/TheThing1982', 'The Turing Test':'https://tvtropes.org/pmwiki/pmwiki.php/VideoGame/TheTuringTest', 'The Untold Story of Argo City':'https://tvtropes.org/pmwiki/pmwiki.php/ComicBook/TheUntoldStoryOfArgoCity', 'The War Against the Chtorr':'https://tvtropes.org/pmwiki/pmwiki.php/Literature/TheWarAgainstTheChtorr', 'The War of the Worlds (1898)':'https://tvtropes.org/pmwiki/pmwiki.php/Literature/TheWarOfTheWorlds1898', 'The Way of Water':'https://tvtropes.org/pmwiki/pmwiki.php/Film/AvatarTheWayOfWater', 'this comic':'https://jayeaton.site/Art/RttS/Comics/OilAndWater', 'TNG':'https://tvtropes.org/pmwiki/pmwiki.php/Series/StarTrekTheNextGeneration', 'Top 10':'https://tvtropes.org/pmwiki/pmwiki.php/ComicBook/TopTen', 'Torchwood: Children of Earth':'https://tvtropes.org/pmwiki/pmwiki.php/Series/TorchwoodChildrenOfEarth', 'Tower of God':'https://tvtropes.org/pmwiki/pmwiki.php/Webcomic/TowerOfGod', 'Toy Story':'https://tvtropes.org/pmwiki/pmwiki.php/WesternAnimation/ToyStory1', 'Tracker':'https://tvtropes.org/pmwiki/pmwiki.php/Series/Tracker', 'Traveller':'https://tvtropes.org/pmwiki/pmwiki.php/TabletopGame/Traveller', 'Trying Human':'https://tvtropes.org/pmwiki/pmwiki.php/Webcomic/TryingHuman', 'TV spin-off':'https://tvtropes.org/pmwiki/pmwiki.php/Series/AlienNation', 'Uhura's Song':'https://tvtropes.org/pmwiki/pmwiki.php/Literature/UhurasSong', 'Uplift':'https://tvtropes.org/pmwiki/pmwiki.php/Literature/Uplift', 'Urusei Yatsura':'https://tvtropes.org/pmwiki/pmwiki.php/Manga/UruseiYatsura', 'Vandread':'https://tvtropes.org/pmwiki/pmwiki.php/Anime/Vandread', 'Vol 1':'https://tvtropes.org/pmwiki/pmwiki.php/ComicBook/WonderWoman1942', 'Voltron: Legendary Defender':'https://tvtropes.org/pmwiki/pmwiki.php/WesternAnimation/VoltronLegendaryDefender', 'Vorkosigan Saga':'https://tvtropes.org/pmwiki/pmwiki.php/Literature/VorkosiganSaga', 'Warcraft':'https://tvtropes.org/pmwiki/pmwiki.php/VideoGame/Warcraft', 'Warhammer 40,000':'https://tvtropes.org/pmwiki/pmwiki.php/TabletopGame/Warhammer40000', 'WarioWare':'https://tvtropes.org/pmwiki/pmwiki.php/VideoGame/WarioWare', 'Wings of Liberty':'https://tvtropes.org/pmwiki/pmwiki.php/VideoGame/StarCraftIIWingsOfLiberty', 'World of Warcraft':'https://tvtropes.org/pmwiki/pmwiki.php/VideoGame/WorldOfWarcraft', 'Worldwar':'https://tvtropes.org/pmwiki/pmwiki.php/Literature/Worldwar', 'Wyjscie Z Cienia':'https://tvtropes.org/pmwiki/pmwiki.php/Literature/WyjscieZCienia', 'X-Wing Rogue Squadron':'https://tvtropes.org/pmwiki/pmwiki.php/ComicBook/XWingRogueSquadron', 'X-Wing Series':'https://tvtropes.org/pmwiki/pmwiki.php/Literature/XWingSeries', 'XCOM: Chimera Squad':'https://tvtropes.org/pmwiki/pmwiki.php/VideoGame/XCOMChimeraSquad', 'Xenoblade Chronicles X':'https://tvtropes.org/pmwiki/pmwiki.php/VideoGame/XenobladeChroniclesX', 'Addicted to Curry':'https://tvtropes.org/pmwiki/pmwiki.php/Manga/AddictedToCurry', 'The Detectives':'https://tvtropes.org/pmwiki/pmwiki.php/Series/TheDetectives'}"
