text,url,source_url
DEATH BATTLE!,/pmwiki/pmwiki.php/WebAnimation/DeathBattle,https://tvtropes.org/pmwiki/pmwiki.php/Main/PersonOfMassDestruction
Girl Chan In Paradise,/pmwiki/pmwiki.php/WebAnimation/GirlChanInParadise,https://tvtropes.org/pmwiki/pmwiki.php/Main/PersonOfMassDestruction
RWBY,/pmwiki/pmwiki.php/WebAnimation/RWBY,https://tvtropes.org/pmwiki/pmwiki.php/Main/PersonOfMassDestruction
Superman,/pmwiki/pmwiki.php/ComicBook/Superman,https://tvtropes.org/pmwiki/pmwiki.php/Main/PersonOfMassDestruction
Scarlet Witch,/pmwiki/pmwiki.php/ComicBook/ScarletWitch,https://tvtropes.org/pmwiki/pmwiki.php/Main/PersonOfMassDestruction
Zatanna,/pmwiki/pmwiki.php/ComicBook/Zatanna,https://tvtropes.org/pmwiki/pmwiki.php/Main/PersonOfMassDestruction
The Battle of Magh Tuireadh,/pmwiki/pmwiki.php/Literature/TheBattleOfMaghTuireadh,https://tvtropes.org/pmwiki/pmwiki.php/Main/PersonOfMassDestruction
The Bible,/pmwiki/pmwiki.php/Literature/TheBible,https://tvtropes.org/pmwiki/pmwiki.php/Main/PersonOfMassDestruction
The Thebaid,/pmwiki/pmwiki.php/Literature/TheThebaid,https://tvtropes.org/pmwiki/pmwiki.php/Main/PersonOfMassDestruction
Angel Notes,/pmwiki/pmwiki.php/Literature/AngelNotes,https://tvtropes.org/pmwiki/pmwiki.php/Main/PersonOfMassDestruction
horrors,/pmwiki/pmwiki.php/Literature/FateZero,https://tvtropes.org/pmwiki/pmwiki.php/Main/PersonOfMassDestruction
Fine Structure,/pmwiki/pmwiki.php/Literature/FineStructure,https://tvtropes.org/pmwiki/pmwiki.php/Main/PersonOfMassDestruction
Lambda,/pmwiki/pmwiki.php/Literature/Lambda,https://tvtropes.org/pmwiki/pmwiki.php/Main/PersonOfMassDestruction
Pilots,/pmwiki/pmwiki.php/Literature/Pilots,https://tvtropes.org/pmwiki/pmwiki.php/Main/PersonOfMassDestruction
Whateley Universe,/pmwiki/pmwiki.php/Literature/WhateleyUniverse,https://tvtropes.org/pmwiki/pmwiki.php/Main/PersonOfMassDestruction
Irish Mythology,/pmwiki/pmwiki.php/Myth/IrishMythology,https://tvtropes.org/pmwiki/pmwiki.php/Main/PersonOfMassDestruction
Classical Mythology,/pmwiki/pmwiki.php/Myth/ClassicalMythology,https://tvtropes.org/pmwiki/pmwiki.php/Main/PersonOfMassDestruction
The Adventure Zone: Balance,/pmwiki/pmwiki.php/Podcast/TheAdventureZoneBalance,https://tvtropes.org/pmwiki/pmwiki.php/Main/PersonOfMassDestruction
The Police,/pmwiki/pmwiki.php/Music/ThePolice,https://tvtropes.org/pmwiki/pmwiki.php/Main/PersonOfMassDestruction
SCP Foundation,/pmwiki/pmwiki.php/Website/SCPFoundation,https://tvtropes.org/pmwiki/pmwiki.php/Main/PersonOfMassDestruction
Danganronpa: Trigger Happy Havoc,/pmwiki/pmwiki.php/VisualNovel/DanganronpaTriggerHappyHavoc,https://tvtropes.org/pmwiki/pmwiki.php/Main/PersonOfMassDestruction
Hatoful Boyfriend,/pmwiki/pmwiki.php/VisualNovel/HatofulBoyfriend,https://tvtropes.org/pmwiki/pmwiki.php/Main/PersonOfMassDestruction
Kajiri Kamui Kagura,/pmwiki/pmwiki.php/VisualNovel/KajiriKamuiKagura,https://tvtropes.org/pmwiki/pmwiki.php/Main/PersonOfMassDestruction
Tsukihime,/pmwiki/pmwiki.php/VisualNovel/Tsukihime,https://tvtropes.org/pmwiki/pmwiki.php/Main/PersonOfMassDestruction
Fate/stay night,/pmwiki/pmwiki.php/VisualNovel/FateStayNight,https://tvtropes.org/pmwiki/pmwiki.php/Main/PersonOfMassDestruction
Phoenix Wright: Ace Attorney – Dual Destinies,/pmwiki/pmwiki.php/VisualNovel/PhoenixWrightAceAttorneyDualDestinies,https://tvtropes.org/pmwiki/pmwiki.php/Main/PersonOfMassDestruction
Raven,/pmwiki/pmwiki.php/Pinball/Raven,https://tvtropes.org/pmwiki/pmwiki.php/Main/PersonOfMassDestruction
Dawn of a New Age: Oldport Blues,/pmwiki/pmwiki.php/Roleplay/DawnOfANewAgeOldportBlues,https://tvtropes.org/pmwiki/pmwiki.php/Main/PersonOfMassDestruction
Aquarion Logos,/pmwiki/pmwiki.php/Anime/AquarionLogos,https://tvtropes.org/pmwiki/pmwiki.php/PersonOfMassDestruction/AnimeAndManga
Bakuten Shoot Beyblade,/pmwiki/pmwiki.php/Anime/BakutenShootBeyblade,https://tvtropes.org/pmwiki/pmwiki.php/PersonOfMassDestruction/AnimeAndManga
Castle in the Sky,/pmwiki/pmwiki.php/Anime/CastleInTheSky,https://tvtropes.org/pmwiki/pmwiki.php/PersonOfMassDestruction/AnimeAndManga
Darker than Black,/pmwiki/pmwiki.php/Anime/DarkerThanBlack,https://tvtropes.org/pmwiki/pmwiki.php/PersonOfMassDestruction/AnimeAndManga
Digimon Tamers,/pmwiki/pmwiki.php/Anime/DigimonTamers,https://tvtropes.org/pmwiki/pmwiki.php/PersonOfMassDestruction/AnimeAndManga
Dragon Ball Z,/pmwiki/pmwiki.php/Anime/DragonBallZ,https://tvtropes.org/pmwiki/pmwiki.php/PersonOfMassDestruction/AnimeAndManga
Battle of Gods,/pmwiki/pmwiki.php/Anime/DragonBallZBattleOfGods,https://tvtropes.org/pmwiki/pmwiki.php/PersonOfMassDestruction/AnimeAndManga
Dragon Ball Super,/pmwiki/pmwiki.php/Anime/DragonBallSuper,https://tvtropes.org/pmwiki/pmwiki.php/PersonOfMassDestruction/AnimeAndManga
El-Hazard: The Magnificent World,/pmwiki/pmwiki.php/Anime/ElHazardTheMagnificentWorld,https://tvtropes.org/pmwiki/pmwiki.php/PersonOfMassDestruction/AnimeAndManga
Genocyber,/pmwiki/pmwiki.php/Anime/Genocyber,https://tvtropes.org/pmwiki/pmwiki.php/PersonOfMassDestruction/AnimeAndManga
Heroic Age,/pmwiki/pmwiki.php/Anime/HeroicAge,https://tvtropes.org/pmwiki/pmwiki.php/PersonOfMassDestruction/AnimeAndManga
K,/pmwiki/pmwiki.php/Anime/K,https://tvtropes.org/pmwiki/pmwiki.php/PersonOfMassDestruction/AnimeAndManga
Kurau Phantom Memory,/pmwiki/pmwiki.php/Anime/KurauPhantomMemory,https://tvtropes.org/pmwiki/pmwiki.php/PersonOfMassDestruction/AnimeAndManga
Magical Girl Lyrical Nanoha StrikerS,/pmwiki/pmwiki.php/Anime/MagicalGirlLyricalNanohaStrikers,https://tvtropes.org/pmwiki/pmwiki.php/PersonOfMassDestruction/AnimeAndManga
Magical Girl Lyrical Nanoha A's,/pmwiki/pmwiki.php/Anime/MagicalGirlLyricalNanohaAs,https://tvtropes.org/pmwiki/pmwiki.php/PersonOfMassDestruction/AnimeAndManga
Memories,/pmwiki/pmwiki.php/Anime/Memories,https://tvtropes.org/pmwiki/pmwiki.php/PersonOfMassDestruction/AnimeAndManga
My-Otome,/pmwiki/pmwiki.php/Anime/MyOtome,https://tvtropes.org/pmwiki/pmwiki.php/PersonOfMassDestruction/AnimeAndManga
Neo Human Casshern,/pmwiki/pmwiki.php/Anime/NeoHumanCasshern,https://tvtropes.org/pmwiki/pmwiki.php/PersonOfMassDestruction/AnimeAndManga
Casshern Sins,/pmwiki/pmwiki.php/Anime/CasshernSins,https://tvtropes.org/pmwiki/pmwiki.php/PersonOfMassDestruction/AnimeAndManga
Neon Genesis Evangelion,/pmwiki/pmwiki.php/Anime/NeonGenesisEvangelion,https://tvtropes.org/pmwiki/pmwiki.php/PersonOfMassDestruction/AnimeAndManga
Rebuild of Evangelion,/pmwiki/pmwiki.php/Anime/RebuildOfEvangelion,https://tvtropes.org/pmwiki/pmwiki.php/PersonOfMassDestruction/AnimeAndManga
Seto Kaiba,/pmwiki/pmwiki.php/Anime/YuGiOh,https://tvtropes.org/pmwiki/pmwiki.php/PersonOfMassDestruction/AnimeAndManga
Pokémon: The First Movie,/pmwiki/pmwiki.php/Anime/PokemonTheFirstMovie,https://tvtropes.org/pmwiki/pmwiki.php/PersonOfMassDestruction/AnimeAndManga
Pokémon 2000,/pmwiki/pmwiki.php/Anime/Pokemon2000,https://tvtropes.org/pmwiki/pmwiki.php/PersonOfMassDestruction/AnimeAndManga
Puella Magi Madoka Magica,/pmwiki/pmwiki.php/Anime/PuellaMagiMadokaMagica,https://tvtropes.org/pmwiki/pmwiki.php/PersonOfMassDestruction/AnimeAndManga
original anime,/pmwiki/pmwiki.php/Anime/SailorMoon,https://tvtropes.org/pmwiki/pmwiki.php/PersonOfMassDestruction/AnimeAndManga
Sands of Destruction,/pmwiki/pmwiki.php/Anime/SandsOfDestruction,https://tvtropes.org/pmwiki/pmwiki.php/PersonOfMassDestruction/AnimeAndManga
Tenchi Muyo!,/pmwiki/pmwiki.php/Anime/TenchiMuyo,https://tvtropes.org/pmwiki/pmwiki.php/PersonOfMassDestruction/AnimeAndManga
Yu-Gi-Oh! ARC-V,/pmwiki/pmwiki.php/Anime/YuGiOhArcV,https://tvtropes.org/pmwiki/pmwiki.php/PersonOfMassDestruction/AnimeAndManga
Ah! My Goddess,/pmwiki/pmwiki.php/Manga/AhMyGoddess,https://tvtropes.org/pmwiki/pmwiki.php/PersonOfMassDestruction/AnimeAndManga
AKIRA,/pmwiki/pmwiki.php/Manga/Akira,https://tvtropes.org/pmwiki/pmwiki.php/PersonOfMassDestruction/AnimeAndManga
Attack on Titan,/pmwiki/pmwiki.php/Manga/AttackOnTitan,https://tvtropes.org/pmwiki/pmwiki.php/PersonOfMassDestruction/AnimeAndManga
Baki the Grappler,/pmwiki/pmwiki.php/Manga/BakiTheGrappler,https://tvtropes.org/pmwiki/pmwiki.php/PersonOfMassDestruction/AnimeAndManga
Black Clover,/pmwiki/pmwiki.php/Manga/BlackClover,https://tvtropes.org/pmwiki/pmwiki.php/PersonOfMassDestruction/AnimeAndManga
Bleach,/pmwiki/pmwiki.php/Manga/Bleach,https://tvtropes.org/pmwiki/pmwiki.php/PersonOfMassDestruction/AnimeAndManga
Brave10,/pmwiki/pmwiki.php/Manga/Brave10,https://tvtropes.org/pmwiki/pmwiki.php/PersonOfMassDestruction/AnimeAndManga
Buso Renkin,/pmwiki/pmwiki.php/Manga/BusoRenkin,https://tvtropes.org/pmwiki/pmwiki.php/PersonOfMassDestruction/AnimeAndManga
Deadman Wonderland,/pmwiki/pmwiki.php/Manga/DeadmanWonderland,https://tvtropes.org/pmwiki/pmwiki.php/PersonOfMassDestruction/AnimeAndManga
Delicious in Dungeon,/pmwiki/pmwiki.php/Manga/DeliciousInDungeon,https://tvtropes.org/pmwiki/pmwiki.php/PersonOfMassDestruction/AnimeAndManga
Dragon Ball,/pmwiki/pmwiki.php/Manga/DragonBall,https://tvtropes.org/pmwiki/pmwiki.php/PersonOfMassDestruction/AnimeAndManga
Elfen Lied,/pmwiki/pmwiki.php/Manga/ElfenLied,https://tvtropes.org/pmwiki/pmwiki.php/PersonOfMassDestruction/AnimeAndManga
Fairy Tail,/pmwiki/pmwiki.php/Manga/FairyTail,https://tvtropes.org/pmwiki/pmwiki.php/PersonOfMassDestruction/AnimeAndManga
Fullmetal Alchemist,/pmwiki/pmwiki.php/Manga/FullmetalAlchemist,https://tvtropes.org/pmwiki/pmwiki.php/PersonOfMassDestruction/AnimeAndManga
Heaven's Lost Property,/pmwiki/pmwiki.php/Manga/HeavensLostProperty,https://tvtropes.org/pmwiki/pmwiki.php/PersonOfMassDestruction/AnimeAndManga
Hunter × Hunter,/pmwiki/pmwiki.php/Manga/HunterXHunter,https://tvtropes.org/pmwiki/pmwiki.php/PersonOfMassDestruction/AnimeAndManga
JoJo's Bizarre Adventure: Golden Wind,/pmwiki/pmwiki.php/Manga/JoJosBizarreAdventureGoldenWind,https://tvtropes.org/pmwiki/pmwiki.php/PersonOfMassDestruction/AnimeAndManga
Mahoromatic,/pmwiki/pmwiki.php/Manga/Mahoromatic,https://tvtropes.org/pmwiki/pmwiki.php/PersonOfMassDestruction/AnimeAndManga
Medaka Box,/pmwiki/pmwiki.php/Manga/MedakaBox,https://tvtropes.org/pmwiki/pmwiki.php/PersonOfMassDestruction/AnimeAndManga
Miss Kobayashi's Dragon Maid,/pmwiki/pmwiki.php/Manga/MissKobayashisDragonMaid,https://tvtropes.org/pmwiki/pmwiki.php/PersonOfMassDestruction/AnimeAndManga
My Hero Academia,/pmwiki/pmwiki.php/Manga/MyHeroAcademia,https://tvtropes.org/pmwiki/pmwiki.php/PersonOfMassDestruction/AnimeAndManga
Naruto,/pmwiki/pmwiki.php/Manga/Naruto,https://tvtropes.org/pmwiki/pmwiki.php/PersonOfMassDestruction/AnimeAndManga
Dragon Ball Z,/pmwiki/pmwiki.php/Manga/DragonBallZ,https://tvtropes.org/pmwiki/pmwiki.php/PersonOfMassDestruction/AnimeAndManga
Negima! Magister Negi Magi,/pmwiki/pmwiki.php/Manga/NegimaMagisterNegiMagi,https://tvtropes.org/pmwiki/pmwiki.php/PersonOfMassDestruction/AnimeAndManga
One Piece,/pmwiki/pmwiki.php/Manga/OnePiece,https://tvtropes.org/pmwiki/pmwiki.php/PersonOfMassDestruction/AnimeAndManga
Ouran High School Host Club,/pmwiki/pmwiki.php/Manga/OuranHighSchoolHostClub,https://tvtropes.org/pmwiki/pmwiki.php/PersonOfMassDestruction/AnimeAndManga
Overlord (2012),/pmwiki/pmwiki.php/Manga/Overlord2012,https://tvtropes.org/pmwiki/pmwiki.php/PersonOfMassDestruction/AnimeAndManga
Ranma ½,/pmwiki/pmwiki.php/Manga/RanmaOneHalf,https://tvtropes.org/pmwiki/pmwiki.php/PersonOfMassDestruction/AnimeAndManga
The Record of a Fallen Vampire,/pmwiki/pmwiki.php/Manga/TheRecordOfAFallenVampire,https://tvtropes.org/pmwiki/pmwiki.php/PersonOfMassDestruction/AnimeAndManga
Saikano,/pmwiki/pmwiki.php/Manga/Saikano,https://tvtropes.org/pmwiki/pmwiki.php/PersonOfMassDestruction/AnimeAndManga
manga,/pmwiki/pmwiki.php/Manga/SailorMoon,https://tvtropes.org/pmwiki/pmwiki.php/PersonOfMassDestruction/AnimeAndManga
Codename: Sailor V,/pmwiki/pmwiki.php/Manga/CodenameSailorV,https://tvtropes.org/pmwiki/pmwiki.php/PersonOfMassDestruction/AnimeAndManga
Saint Seiya,/pmwiki/pmwiki.php/Manga/SaintSeiya,https://tvtropes.org/pmwiki/pmwiki.php/PersonOfMassDestruction/AnimeAndManga
Sekirei,/pmwiki/pmwiki.php/Manga/Sekirei,https://tvtropes.org/pmwiki/pmwiki.php/PersonOfMassDestruction/AnimeAndManga
The Seven Deadly Sins,/pmwiki/pmwiki.php/Manga/TheSevenDeadlySins,https://tvtropes.org/pmwiki/pmwiki.php/PersonOfMassDestruction/AnimeAndManga
Soul Hunter,/pmwiki/pmwiki.php/Manga/SoulHunter,https://tvtropes.org/pmwiki/pmwiki.php/PersonOfMassDestruction/AnimeAndManga
Toriko,/pmwiki/pmwiki.php/Manga/Toriko,https://tvtropes.org/pmwiki/pmwiki.php/PersonOfMassDestruction/AnimeAndManga
Toward the Terra,/pmwiki/pmwiki.php/Manga/TowardTheTerra,https://tvtropes.org/pmwiki/pmwiki.php/PersonOfMassDestruction/AnimeAndManga
Trigun,/pmwiki/pmwiki.php/Manga/Trigun,https://tvtropes.org/pmwiki/pmwiki.php/PersonOfMassDestruction/AnimeAndManga
YuYu Hakusho,/pmwiki/pmwiki.php/Manga/YuYuHakusho,https://tvtropes.org/pmwiki/pmwiki.php/PersonOfMassDestruction/AnimeAndManga
Magneto,/pmwiki/pmwiki.php/ComicBook/Magneto,https://tvtropes.org/pmwiki/pmwiki.php/PersonOfMassDestruction/AnimeAndManga
A Certain Magical Index,/pmwiki/pmwiki.php/Literature/ACertainMagicalIndex,https://tvtropes.org/pmwiki/pmwiki.php/PersonOfMassDestruction/AnimeAndManga
The Devil is a Part-Timer!,/pmwiki/pmwiki.php/Literature/TheDevilIsAPartTimer,https://tvtropes.org/pmwiki/pmwiki.php/PersonOfMassDestruction/AnimeAndManga
Haruhi Suzumiya,/pmwiki/pmwiki.php/Literature/HaruhiSuzumiya,https://tvtropes.org/pmwiki/pmwiki.php/PersonOfMassDestruction/AnimeAndManga
The Irregular at Magic High School,/pmwiki/pmwiki.php/Literature/TheIrregularAtMagicHighSchool,https://tvtropes.org/pmwiki/pmwiki.php/PersonOfMassDestruction/AnimeAndManga
Is It Wrong to Try to Pick Up Girls in a Dungeon?,/pmwiki/pmwiki.php/Literature/IsItWrongToTryToPickUpGirlsInADungeon,https://tvtropes.org/pmwiki/pmwiki.php/PersonOfMassDestruction/AnimeAndManga
 Is This A Zombie?,/pmwiki/pmwiki.php/Literature/IsThisAZombie,https://tvtropes.org/pmwiki/pmwiki.php/PersonOfMassDestruction/AnimeAndManga
Izure Shinwa No Ragnarok,/pmwiki/pmwiki.php/Literature/IzureShinwaNoRagnarok,https://tvtropes.org/pmwiki/pmwiki.php/PersonOfMassDestruction/AnimeAndManga
Purple Haze Feedback,/pmwiki/pmwiki.php/Literature/PurpleHazeFeedback,https://tvtropes.org/pmwiki/pmwiki.php/PersonOfMassDestruction/AnimeAndManga
Kyouran Kazoku Nikki,/pmwiki/pmwiki.php/Literature/KyouranKazokuNikki,https://tvtropes.org/pmwiki/pmwiki.php/PersonOfMassDestruction/AnimeAndManga
The Legend of the Legendary Heroes,/pmwiki/pmwiki.php/Literature/TheLegendOfTheLegendaryHeroes,https://tvtropes.org/pmwiki/pmwiki.php/PersonOfMassDestruction/AnimeAndManga
Maoyu,/pmwiki/pmwiki.php/Literature/Maoyu,https://tvtropes.org/pmwiki/pmwiki.php/PersonOfMassDestruction/AnimeAndManga
Slayers,/pmwiki/pmwiki.php/Literature/Slayers,https://tvtropes.org/pmwiki/pmwiki.php/PersonOfMassDestruction/AnimeAndManga
That Time I Got Reincarnated as a Slime,/pmwiki/pmwiki.php/Literature/ThatTimeIGotReincarnatedAsASlime,https://tvtropes.org/pmwiki/pmwiki.php/PersonOfMassDestruction/AnimeAndManga
Trinity Blood,/pmwiki/pmwiki.php/Literature/TrinityBlood,https://tvtropes.org/pmwiki/pmwiki.php/PersonOfMassDestruction/AnimeAndManga
World Break: Aria of Curse for a Holy Swordsman,/pmwiki/pmwiki.php/Literature/WorldBreakAriaOfCurseForAHolySwordsman,https://tvtropes.org/pmwiki/pmwiki.php/PersonOfMassDestruction/AnimeAndManga
,/pmwiki/pmwiki.php/Webcomic/ScarletLady,https://tvtropes.org/pmwiki/pmwiki.php/PersonOfMassDestruction/AnimeAndManga
Pretty Guardian Sailor Moon,/pmwiki/pmwiki.php/Series/PrettyGuardianSailorMoon,https://tvtropes.org/pmwiki/pmwiki.php/PersonOfMassDestruction/AnimeAndManga
JoJo's Bizarre Adventure: All Star Battle,/pmwiki/pmwiki.php/VideoGame/JoJosBizarreAdventureAllStarBattle,https://tvtropes.org/pmwiki/pmwiki.php/PersonOfMassDestruction/AnimeAndManga
Justice Society of America,/pmwiki/pmwiki.php/ComicBook/JusticeSocietyOfAmerica,https://tvtropes.org/pmwiki/pmwiki.php/PersonOfMassDestruction/ComicBooks
Green Lantern,/pmwiki/pmwiki.php/ComicBook/GreenLantern,https://tvtropes.org/pmwiki/pmwiki.php/PersonOfMassDestruction/ComicBooks
The Golden Age,/pmwiki/pmwiki.php/ComicBook/TheGoldenAge,https://tvtropes.org/pmwiki/pmwiki.php/PersonOfMassDestruction/ComicBooks
The Avengers,/pmwiki/pmwiki.php/ComicBook/TheAvengers,https://tvtropes.org/pmwiki/pmwiki.php/PersonOfMassDestruction/ComicBooks
The Eternals,/pmwiki/pmwiki.php/ComicBook/TheEternals,https://tvtropes.org/pmwiki/pmwiki.php/PersonOfMassDestruction/ComicBooks
Blood Ties (Marvel Comics),/pmwiki/pmwiki.php/ComicBook/BloodTiesMarvelComics,https://tvtropes.org/pmwiki/pmwiki.php/PersonOfMassDestruction/ComicBooks
Magneto,/pmwiki/pmwiki.php/ComicBook/Magneto,https://tvtropes.org/pmwiki/pmwiki.php/PersonOfMassDestruction/ComicBooks
Bat-Mite,/pmwiki/pmwiki.php/ComicBook/BatMite,https://tvtropes.org/pmwiki/pmwiki.php/PersonOfMassDestruction/ComicBooks
Darkseid,/pmwiki/pmwiki.php/ComicBook/Darkseid,https://tvtropes.org/pmwiki/pmwiki.php/PersonOfMassDestruction/ComicBooks
Black Adam,/pmwiki/pmwiki.php/ComicBook/BlackAdam,https://tvtropes.org/pmwiki/pmwiki.php/PersonOfMassDestruction/ComicBooks
Black Bolt,/pmwiki/pmwiki.php/ComicBook/BlackBolt,https://tvtropes.org/pmwiki/pmwiki.php/PersonOfMassDestruction/ComicBooks
The Inhumans,/pmwiki/pmwiki.php/ComicBook/TheInhumans,https://tvtropes.org/pmwiki/pmwiki.php/PersonOfMassDestruction/ComicBooks
War of Kings,/pmwiki/pmwiki.php/ComicBook/WarOfKings,https://tvtropes.org/pmwiki/pmwiki.php/PersonOfMassDestruction/ComicBooks
Black Summer,/pmwiki/pmwiki.php/ComicBook/BlackSummer,https://tvtropes.org/pmwiki/pmwiki.php/PersonOfMassDestruction/ComicBooks
Blue Beetle,/pmwiki/pmwiki.php/ComicBook/BlueBeetle,https://tvtropes.org/pmwiki/pmwiki.php/PersonOfMassDestruction/ComicBooks
Captain Atom,/pmwiki/pmwiki.php/ComicBook/CaptainAtom,https://tvtropes.org/pmwiki/pmwiki.php/PersonOfMassDestruction/ComicBooks
Kingdom Come,/pmwiki/pmwiki.php/ComicBook/KingdomCome,https://tvtropes.org/pmwiki/pmwiki.php/PersonOfMassDestruction/ComicBooks
Wolverine,/pmwiki/pmwiki.php/ComicBook/Wolverine,https://tvtropes.org/pmwiki/pmwiki.php/PersonOfMassDestruction/ComicBooks
Fantastic Four,/pmwiki/pmwiki.php/ComicBook/FantasticFour,https://tvtropes.org/pmwiki/pmwiki.php/PersonOfMassDestruction/ComicBooks
Phoenix,/pmwiki/pmwiki.php/ComicBook/XMen,https://tvtropes.org/pmwiki/pmwiki.php/PersonOfMassDestruction/ComicBooks
Doctor Doom,/pmwiki/pmwiki.php/ComicBook/DoctorDoom,https://tvtropes.org/pmwiki/pmwiki.php/PersonOfMassDestruction/ComicBooks
World War Hulk,/pmwiki/pmwiki.php/ComicBook/WorldWarHulk,https://tvtropes.org/pmwiki/pmwiki.php/PersonOfMassDestruction/ComicBooks
Invincible,/pmwiki/pmwiki.php/ComicBook/Invincible,https://tvtropes.org/pmwiki/pmwiki.php/PersonOfMassDestruction/ComicBooks
Irredeemable,/pmwiki/pmwiki.php/ComicBook/Irredeemable,https://tvtropes.org/pmwiki/pmwiki.php/PersonOfMassDestruction/ComicBooks
Martian Manhunter,/pmwiki/pmwiki.php/ComicBook/MartianManhunter,https://tvtropes.org/pmwiki/pmwiki.php/PersonOfMassDestruction/ComicBooks
The Mighty Thor,/pmwiki/pmwiki.php/ComicBook/TheMightyThor,https://tvtropes.org/pmwiki/pmwiki.php/PersonOfMassDestruction/ComicBooks
Galactus,/pmwiki/pmwiki.php/ComicBook/Galactus,https://tvtropes.org/pmwiki/pmwiki.php/PersonOfMassDestruction/ComicBooks
Miracleman,/pmwiki/pmwiki.php/ComicBook/Miracleman,https://tvtropes.org/pmwiki/pmwiki.php/PersonOfMassDestruction/ComicBooks
The New Universe,/pmwiki/pmwiki.php/ComicBook/TheNewUniverse,https://tvtropes.org/pmwiki/pmwiki.php/PersonOfMassDestruction/ComicBooks
Star Brand,/pmwiki/pmwiki.php/ComicBook/StarBrand,https://tvtropes.org/pmwiki/pmwiki.php/PersonOfMassDestruction/ComicBooks
O.M.A.C.,/pmwiki/pmwiki.php/ComicBook/OMAC,https://tvtropes.org/pmwiki/pmwiki.php/PersonOfMassDestruction/ComicBooks
Paperinik New Adventures,/pmwiki/pmwiki.php/ComicBook/PaperinikNewAdventures,https://tvtropes.org/pmwiki/pmwiki.php/PersonOfMassDestruction/ComicBooks
Starfire,/pmwiki/pmwiki.php/ComicBook/Starfire,https://tvtropes.org/pmwiki/pmwiki.php/PersonOfMassDestruction/ComicBooks
Nightwing,/pmwiki/pmwiki.php/ComicBook/Nightwing,https://tvtropes.org/pmwiki/pmwiki.php/PersonOfMassDestruction/ComicBooks
Wonder Woman,/pmwiki/pmwiki.php/ComicBook/WonderWoman,https://tvtropes.org/pmwiki/pmwiki.php/PersonOfMassDestruction/ComicBooks
Red Hood and the Outlaws,/pmwiki/pmwiki.php/ComicBook/RedHoodAndTheOutlaws,https://tvtropes.org/pmwiki/pmwiki.php/PersonOfMassDestruction/ComicBooks
Sam & Max,/pmwiki/pmwiki.php/ComicBook/SamAndMax,https://tvtropes.org/pmwiki/pmwiki.php/PersonOfMassDestruction/ComicBooks
Scarlet Witch,/pmwiki/pmwiki.php/ComicBook/ScarletWitch,https://tvtropes.org/pmwiki/pmwiki.php/PersonOfMassDestruction/ComicBooks
House of M,/pmwiki/pmwiki.php/ComicBook/HouseOfM,https://tvtropes.org/pmwiki/pmwiki.php/PersonOfMassDestruction/ComicBooks
Wiccan,/pmwiki/pmwiki.php/ComicBook/YoungAvengers,https://tvtropes.org/pmwiki/pmwiki.php/PersonOfMassDestruction/ComicBooks
Sonic the Comic,/pmwiki/pmwiki.php/ComicBook/SonicTheComic,https://tvtropes.org/pmwiki/pmwiki.php/PersonOfMassDestruction/ComicBooks
The Spectre,/pmwiki/pmwiki.php/ComicBook/TheSpectre,https://tvtropes.org/pmwiki/pmwiki.php/PersonOfMassDestruction/ComicBooks
Bizarrogirl,/pmwiki/pmwiki.php/ComicBook/Bizarrogirl,https://tvtropes.org/pmwiki/pmwiki.php/PersonOfMassDestruction/ComicBooks
Jimmy Olsen,/pmwiki/pmwiki.php/ComicBook/JimmyOlsen,https://tvtropes.org/pmwiki/pmwiki.php/PersonOfMassDestruction/ComicBooks
Supergod,/pmwiki/pmwiki.php/ComicBook/Supergod,https://tvtropes.org/pmwiki/pmwiki.php/PersonOfMassDestruction/ComicBooks
Batman: The Dark Knight Returns,/pmwiki/pmwiki.php/ComicBook/BatmanTheDarkKnightReturns,https://tvtropes.org/pmwiki/pmwiki.php/PersonOfMassDestruction/ComicBooks
Kingdom Come,/pmwiki/pmwiki.php/ComicBook/KingdomCome,https://tvtropes.org/pmwiki/pmwiki.php/PersonOfMassDestruction/ComicBooks
War World,/pmwiki/pmwiki.php/ComicBook/WarWorld,https://tvtropes.org/pmwiki/pmwiki.php/PersonOfMassDestruction/ComicBooks
Kryptonite Nevermore,/pmwiki/pmwiki.php/ComicBook/KryptoniteNevermore,https://tvtropes.org/pmwiki/pmwiki.php/PersonOfMassDestruction/ComicBooks
The Death of Superman,/pmwiki/pmwiki.php/ComicBook/TheDeathOfSuperman,https://tvtropes.org/pmwiki/pmwiki.php/PersonOfMassDestruction/ComicBooks
Last Daughter of Krypton,/pmwiki/pmwiki.php/ComicBook/LastDaughterOfKrypton,https://tvtropes.org/pmwiki/pmwiki.php/PersonOfMassDestruction/ComicBooks
Supreme Power,/pmwiki/pmwiki.php/ComicBook/SupremePower,https://tvtropes.org/pmwiki/pmwiki.php/PersonOfMassDestruction/ComicBooks
Justice League of America,/pmwiki/pmwiki.php/ComicBook/JusticeLeagueOfAmerica,https://tvtropes.org/pmwiki/pmwiki.php/PersonOfMassDestruction/ComicBooks
The Transformers (IDW),/pmwiki/pmwiki.php/ComicBook/TheTransformersIDW,https://tvtropes.org/pmwiki/pmwiki.php/PersonOfMassDestruction/ComicBooks
Über,/pmwiki/pmwiki.php/ComicBook/Uber,https://tvtropes.org/pmwiki/pmwiki.php/PersonOfMassDestruction/ComicBooks
Ultimate Marvel,/pmwiki/pmwiki.php/ComicBook/UltimateMarvel,https://tvtropes.org/pmwiki/pmwiki.php/PersonOfMassDestruction/ComicBooks
Ultimate Origins,/pmwiki/pmwiki.php/ComicBook/UltimateOrigins,https://tvtropes.org/pmwiki/pmwiki.php/PersonOfMassDestruction/ComicBooks
The Ultimates 2,/pmwiki/pmwiki.php/ComicBook/TheUltimates2,https://tvtropes.org/pmwiki/pmwiki.php/PersonOfMassDestruction/ComicBooks
Watchmen,/pmwiki/pmwiki.php/ComicBook/Watchmen,https://tvtropes.org/pmwiki/pmwiki.php/PersonOfMassDestruction/ComicBooks
The Authority,/pmwiki/pmwiki.php/ComicBook/TheAuthority,https://tvtropes.org/pmwiki/pmwiki.php/PersonOfMassDestruction/ComicBooks
The Authority,/pmwiki/pmwiki.php/ComicBook/TheAuthority,https://tvtropes.org/pmwiki/pmwiki.php/PersonOfMassDestruction/ComicBooks
The Authority,/pmwiki/pmwiki.php/ComicBook/TheAuthority,https://tvtropes.org/pmwiki/pmwiki.php/PersonOfMassDestruction/ComicBooks
X-Men,/pmwiki/pmwiki.php/ComicBook/XMen,https://tvtropes.org/pmwiki/pmwiki.php/PersonOfMassDestruction/ComicBooks
Magneto,/pmwiki/pmwiki.php/ComicBook/Magneto,https://tvtropes.org/pmwiki/pmwiki.php/PersonOfMassDestruction/ComicBooks
Superman,/pmwiki/pmwiki.php/ComicBook/Superman,https://tvtropes.org/pmwiki/pmwiki.php/PersonOfMassDestruction/ComicBooks
Gambit,/pmwiki/pmwiki.php/ComicBook/Gambit,https://tvtropes.org/pmwiki/pmwiki.php/PersonOfMassDestruction/ComicBooks
Jean Grey,/pmwiki/pmwiki.php/ComicBook/JeanGrey,https://tvtropes.org/pmwiki/pmwiki.php/PersonOfMassDestruction/ComicBooks
The Dark Phoenix Saga,/pmwiki/pmwiki.php/ComicBook/TheDarkPhoenixSaga,https://tvtropes.org/pmwiki/pmwiki.php/PersonOfMassDestruction/ComicBooks
Scott Summers,/pmwiki/pmwiki.php/ComicBook/Cyclops,https://tvtropes.org/pmwiki/pmwiki.php/PersonOfMassDestruction/ComicBooks
Rachel,/pmwiki/pmwiki.php/ComicBook/RachelSummers,https://tvtropes.org/pmwiki/pmwiki.php/PersonOfMassDestruction/ComicBooks
Nate,/pmwiki/pmwiki.php/ComicBook/XMan,https://tvtropes.org/pmwiki/pmwiki.php/PersonOfMassDestruction/ComicBooks
Cable,/pmwiki/pmwiki.php/ComicBook/Cable,https://tvtropes.org/pmwiki/pmwiki.php/PersonOfMassDestruction/ComicBooks
Uncanny X-Men (2018),/pmwiki/pmwiki.php/ComicBook/UncannyXMen2018,https://tvtropes.org/pmwiki/pmwiki.php/PersonOfMassDestruction/ComicBooks
Age of X-Man,/pmwiki/pmwiki.php/ComicBook/AgeOfXMan,https://tvtropes.org/pmwiki/pmwiki.php/PersonOfMassDestruction/ComicBooks
Inferno (1988),/pmwiki/pmwiki.php/ComicBook/Inferno1988,https://tvtropes.org/pmwiki/pmwiki.php/PersonOfMassDestruction/ComicBooks
Apocalypse,/pmwiki/pmwiki.php/ComicBook/Apocalypse,https://tvtropes.org/pmwiki/pmwiki.php/PersonOfMassDestruction/ComicBooks
Jubilee (Marvel Comics),/pmwiki/pmwiki.php/ComicBook/JubileeMarvelComics,https://tvtropes.org/pmwiki/pmwiki.php/PersonOfMassDestruction/ComicBooks
,/pmwiki/pmwiki.php/Music/JoeSatriani,https://tvtropes.org/pmwiki/pmwiki.php/PersonOfMassDestruction/ComicBooks
The Animated adaptation,/pmwiki/pmwiki.php/WesternAnimation/Invincible2021,https://tvtropes.org/pmwiki/pmwiki.php/PersonOfMassDestruction/ComicBooks
Neon Genesis Evangelion,/pmwiki/pmwiki.php/Anime/NeonGenesisEvangelion,https://tvtropes.org/pmwiki/pmwiki.php/PersonOfMassDestruction/FanWorks
Fairy Tail,/pmwiki/pmwiki.php/Manga/FairyTail,https://tvtropes.org/pmwiki/pmwiki.php/PersonOfMassDestruction/FanWorks
My Hero Academia,/pmwiki/pmwiki.php/Manga/MyHeroAcademia,https://tvtropes.org/pmwiki/pmwiki.php/PersonOfMassDestruction/FanWorks
Naruto,/pmwiki/pmwiki.php/Manga/Naruto,https://tvtropes.org/pmwiki/pmwiki.php/PersonOfMassDestruction/FanWorks
Supergirl,/pmwiki/pmwiki.php/ComicBook/Supergirl,https://tvtropes.org/pmwiki/pmwiki.php/PersonOfMassDestruction/FanWorks
"Charlie ""Pyre"" McGee",/pmwiki/pmwiki.php/Literature/Firestarter,https://tvtropes.org/pmwiki/pmwiki.php/PersonOfMassDestruction/FanWorks
Harry Potter,/pmwiki/pmwiki.php/Literature/HarryPotter,https://tvtropes.org/pmwiki/pmwiki.php/PersonOfMassDestruction/FanWorks
Trinity Blood,/pmwiki/pmwiki.php/Literature/TrinityBlood,https://tvtropes.org/pmwiki/pmwiki.php/PersonOfMassDestruction/FanWorks
Malty,/pmwiki/pmwiki.php/Literature/TheRisingOfTheShieldHero,https://tvtropes.org/pmwiki/pmwiki.php/PersonOfMassDestruction/FanWorks
,/pmwiki/pmwiki.php/WebVideo/OwnagePranks,https://tvtropes.org/pmwiki/pmwiki.php/PersonOfMassDestruction/FanWorks
My Little Pony: Friendship Is Magic,/pmwiki/pmwiki.php/WesternAnimation/MyLittlePonyFriendshipIsMagic,https://tvtropes.org/pmwiki/pmwiki.php/PersonOfMassDestruction/FanWorks
My Little Pony: Friendship Is Magic,/pmwiki/pmwiki.php/WesternAnimation/MyLittlePonyFriendshipIsMagic,https://tvtropes.org/pmwiki/pmwiki.php/PersonOfMassDestruction/FanWorks
Daria,/pmwiki/pmwiki.php/WesternAnimation/Daria,https://tvtropes.org/pmwiki/pmwiki.php/PersonOfMassDestruction/FanWorks
Exalted,/pmwiki/pmwiki.php/TabletopGame/Exalted,https://tvtropes.org/pmwiki/pmwiki.php/PersonOfMassDestruction/FanWorks
Heroes,/pmwiki/pmwiki.php/Series/Heroes,https://tvtropes.org/pmwiki/pmwiki.php/PersonOfMassDestruction/FanWorks
Babylon Babies,/pmwiki/pmwiki.php/Literature/BabylonBabies,https://tvtropes.org/pmwiki/pmwiki.php/PersonOfMassDestruction/Film
,/pmwiki/pmwiki.php/Film/KissinCousins,https://tvtropes.org/pmwiki/pmwiki.php/PersonOfMassDestruction/Film
Babylon A.D.,/pmwiki/pmwiki.php/Film/BabylonAD,https://tvtropes.org/pmwiki/pmwiki.php/PersonOfMassDestruction/Film
Chronicle,/pmwiki/pmwiki.php/Film/Chronicle,https://tvtropes.org/pmwiki/pmwiki.php/PersonOfMassDestruction/Film
Dracula Untold,/pmwiki/pmwiki.php/Film/DraculaUntold,https://tvtropes.org/pmwiki/pmwiki.php/PersonOfMassDestruction/Film
Dune (1984),/pmwiki/pmwiki.php/Film/Dune1984,https://tvtropes.org/pmwiki/pmwiki.php/PersonOfMassDestruction/Film
Godzilla (2014),/pmwiki/pmwiki.php/Film/Godzilla2014,https://tvtropes.org/pmwiki/pmwiki.php/PersonOfMassDestruction/Film
Hellboy,/pmwiki/pmwiki.php/Film/Hellboy2004,https://tvtropes.org/pmwiki/pmwiki.php/PersonOfMassDestruction/Film
Looper,/pmwiki/pmwiki.php/Film/Looper,https://tvtropes.org/pmwiki/pmwiki.php/PersonOfMassDestruction/Film
Avengers: Age of Ultron,/pmwiki/pmwiki.php/Film/AvengersAgeOfUltron,https://tvtropes.org/pmwiki/pmwiki.php/PersonOfMassDestruction/Film
Captain America: Civil War,/pmwiki/pmwiki.php/Film/CaptainAmericaCivilWar,https://tvtropes.org/pmwiki/pmwiki.php/PersonOfMassDestruction/Film
Guardians of the Galaxy,/pmwiki/pmwiki.php/Film/GuardiansOfTheGalaxy2014,https://tvtropes.org/pmwiki/pmwiki.php/PersonOfMassDestruction/Film
Captain Marvel,/pmwiki/pmwiki.php/Film/CaptainMarvel2019,https://tvtropes.org/pmwiki/pmwiki.php/PersonOfMassDestruction/Film
The Matrix Reloaded,/pmwiki/pmwiki.php/Film/TheMatrixReloaded,https://tvtropes.org/pmwiki/pmwiki.php/PersonOfMassDestruction/Film
A Nightmare on Elm Street,/pmwiki/pmwiki.php/Film/ANightmareOnElmStreet,https://tvtropes.org/pmwiki/pmwiki.php/PersonOfMassDestruction/Film
Spider-Man 3,/pmwiki/pmwiki.php/Film/SpiderMan3,https://tvtropes.org/pmwiki/pmwiki.php/PersonOfMassDestruction/Film
Superman IV: The Quest for Peace,/pmwiki/pmwiki.php/Film/SupermanIVTheQuestForPeace,https://tvtropes.org/pmwiki/pmwiki.php/PersonOfMassDestruction/Film
Man of Steel,/pmwiki/pmwiki.php/Film/ManOfSteel,https://tvtropes.org/pmwiki/pmwiki.php/PersonOfMassDestruction/Film
X-Men Film Series,/pmwiki/pmwiki.php/Film/XMenFilmSeries,https://tvtropes.org/pmwiki/pmwiki.php/PersonOfMassDestruction/Film
X2: X-Men United,/pmwiki/pmwiki.php/Film/X2XMenUnited,https://tvtropes.org/pmwiki/pmwiki.php/PersonOfMassDestruction/Film
X-Men: The Last Stand,/pmwiki/pmwiki.php/Film/XMenTheLastStand,https://tvtropes.org/pmwiki/pmwiki.php/PersonOfMassDestruction/Film
X-Men: First Class,/pmwiki/pmwiki.php/Film/XMenFirstClass,https://tvtropes.org/pmwiki/pmwiki.php/PersonOfMassDestruction/Film
Deadpool (2016),/pmwiki/pmwiki.php/Film/Deadpool2016,https://tvtropes.org/pmwiki/pmwiki.php/PersonOfMassDestruction/Film
X-Men: Apocalypse,/pmwiki/pmwiki.php/Film/XMenApocalypse,https://tvtropes.org/pmwiki/pmwiki.php/PersonOfMassDestruction/Film
Logan,/pmwiki/pmwiki.php/Film/Logan,https://tvtropes.org/pmwiki/pmwiki.php/PersonOfMassDestruction/Film
"
                    ",/pmwiki/pmwiki.php/WebVideo/Film,https://tvtropes.org/pmwiki/pmwiki.php/PersonOfMassDestruction/Film
Aladdin,/pmwiki/pmwiki.php/WesternAnimation/Aladdin,https://tvtropes.org/pmwiki/pmwiki.php/PersonOfMassDestruction/Film
Frozen,/pmwiki/pmwiki.php/WesternAnimation/Frozen2013,https://tvtropes.org/pmwiki/pmwiki.php/PersonOfMassDestruction/Film
Hercules,/pmwiki/pmwiki.php/WesternAnimation/Hercules,https://tvtropes.org/pmwiki/pmwiki.php/PersonOfMassDestruction/Film
The Little Mermaid (1989),/pmwiki/pmwiki.php/WesternAnimation/TheLittleMermaid1989,https://tvtropes.org/pmwiki/pmwiki.php/PersonOfMassDestruction/Film
Sleeping Beauty,/pmwiki/pmwiki.php/WesternAnimation/SleepingBeauty,https://tvtropes.org/pmwiki/pmwiki.php/PersonOfMassDestruction/Film
Wreck-It Ralph,/pmwiki/pmwiki.php/WesternAnimation/WreckItRalph,https://tvtropes.org/pmwiki/pmwiki.php/PersonOfMassDestruction/Film
Turning Red,/pmwiki/pmwiki.php/WesternAnimation/TurningRed,https://tvtropes.org/pmwiki/pmwiki.php/PersonOfMassDestruction/Film
"
                    ",/pmwiki/pmwiki.php/Literature/Literature,https://tvtropes.org/pmwiki/pmwiki.php/PersonOfMassDestruction/Literature
All The Skills - A Deckbuilding LitRPG,/pmwiki/pmwiki.php/Literature/AllTheSkillsADeckbuildingLitRPG,https://tvtropes.org/pmwiki/pmwiki.php/PersonOfMassDestruction/Literature
Animorphs,/pmwiki/pmwiki.php/Literature/Animorphs,https://tvtropes.org/pmwiki/pmwiki.php/PersonOfMassDestruction/Literature
Black Jewels,/pmwiki/pmwiki.php/Literature/BlackJewels,https://tvtropes.org/pmwiki/pmwiki.php/PersonOfMassDestruction/Literature
The Brightest Shadow,/pmwiki/pmwiki.php/Literature/TheBrightestShadow,https://tvtropes.org/pmwiki/pmwiki.php/PersonOfMassDestruction/Literature
The Camp Half-Blood Series,/pmwiki/pmwiki.php/Literature/TheCampHalfBloodSeries,https://tvtropes.org/pmwiki/pmwiki.php/PersonOfMassDestruction/Literature
Percy Jackson and the Olympians,/pmwiki/pmwiki.php/Literature/PercyJacksonAndTheOlympians,https://tvtropes.org/pmwiki/pmwiki.php/PersonOfMassDestruction/Literature
The Heroes of Olympus,/pmwiki/pmwiki.php/Literature/TheHeroesOfOlympus,https://tvtropes.org/pmwiki/pmwiki.php/PersonOfMassDestruction/Literature
Carrie,/pmwiki/pmwiki.php/Literature/Carrie,https://tvtropes.org/pmwiki/pmwiki.php/PersonOfMassDestruction/Literature
Children of the Black Sun,/pmwiki/pmwiki.php/Literature/ChildrenOfTheBlackSun,https://tvtropes.org/pmwiki/pmwiki.php/PersonOfMassDestruction/Literature
The Chronicles of Amber,/pmwiki/pmwiki.php/Literature/TheChroniclesOfAmber,https://tvtropes.org/pmwiki/pmwiki.php/PersonOfMassDestruction/Literature
Chronicles of the Kencyrath,/pmwiki/pmwiki.php/Literature/ChroniclesOfTheKencyrath,https://tvtropes.org/pmwiki/pmwiki.php/PersonOfMassDestruction/Literature
The Chronicles of Thomas Covenant,/pmwiki/pmwiki.php/Literature/TheChroniclesOfThomasCovenant,https://tvtropes.org/pmwiki/pmwiki.php/PersonOfMassDestruction/Literature
Codex Alera,/pmwiki/pmwiki.php/Literature/CodexAlera,https://tvtropes.org/pmwiki/pmwiki.php/PersonOfMassDestruction/Literature
The Cosmere,/pmwiki/pmwiki.php/Literature/TheCosmere,https://tvtropes.org/pmwiki/pmwiki.php/PersonOfMassDestruction/Literature
The Stormlight Archive,/pmwiki/pmwiki.php/Literature/TheStormlightArchive,https://tvtropes.org/pmwiki/pmwiki.php/PersonOfMassDestruction/Literature
Mistborn: The Original Trilogy,/pmwiki/pmwiki.php/Literature/MistbornTheOriginalTrilogy,https://tvtropes.org/pmwiki/pmwiki.php/PersonOfMassDestruction/Literature
Cradle Series,/pmwiki/pmwiki.php/Literature/CradleSeries,https://tvtropes.org/pmwiki/pmwiki.php/PersonOfMassDestruction/Literature
Deathstalker,/pmwiki/pmwiki.php/Literature/Deathstalker,https://tvtropes.org/pmwiki/pmwiki.php/PersonOfMassDestruction/Literature
Discworld,/pmwiki/pmwiki.php/Literature/Discworld,https://tvtropes.org/pmwiki/pmwiki.php/PersonOfMassDestruction/Literature
Sourcery,/pmwiki/pmwiki.php/Literature/Sourcery,https://tvtropes.org/pmwiki/pmwiki.php/PersonOfMassDestruction/Literature
The Divine Comedy,/pmwiki/pmwiki.php/Literature/TheDivineComedy,https://tvtropes.org/pmwiki/pmwiki.php/PersonOfMassDestruction/Literature
Dragaera,/pmwiki/pmwiki.php/Literature/Dragaera,https://tvtropes.org/pmwiki/pmwiki.php/PersonOfMassDestruction/Literature
The Dresden Files,/pmwiki/pmwiki.php/Literature/TheDresdenFiles,https://tvtropes.org/pmwiki/pmwiki.php/PersonOfMassDestruction/Literature
Dead Beat,/pmwiki/pmwiki.php/Literature/DeadBeat,https://tvtropes.org/pmwiki/pmwiki.php/PersonOfMassDestruction/Literature
Proven Guilty,/pmwiki/pmwiki.php/Literature/ProvenGuilty,https://tvtropes.org/pmwiki/pmwiki.php/PersonOfMassDestruction/Literature
Turn Coat,/pmwiki/pmwiki.php/Literature/TurnCoat,https://tvtropes.org/pmwiki/pmwiki.php/PersonOfMassDestruction/Literature
Changes,/pmwiki/pmwiki.php/Literature/Changes,https://tvtropes.org/pmwiki/pmwiki.php/PersonOfMassDestruction/Literature
The Executioner and Her Way of Life,/pmwiki/pmwiki.php/Literature/TheExecutionerAndHerWayOfLife,https://tvtropes.org/pmwiki/pmwiki.php/PersonOfMassDestruction/Literature
Firestarter,/pmwiki/pmwiki.php/Literature/Firestarter,https://tvtropes.org/pmwiki/pmwiki.php/PersonOfMassDestruction/Literature
From the New World,/pmwiki/pmwiki.php/Literature/FromTheNewWorld,https://tvtropes.org/pmwiki/pmwiki.php/PersonOfMassDestruction/Literature
The Gods Are Bastards,/pmwiki/pmwiki.php/Literature/TheGodsAreBastards,https://tvtropes.org/pmwiki/pmwiki.php/PersonOfMassDestruction/Literature
The Golden Oecumene,/pmwiki/pmwiki.php/Literature/TheGoldenOecumene,https://tvtropes.org/pmwiki/pmwiki.php/PersonOfMassDestruction/Literature
Heralds of Valdemar,/pmwiki/pmwiki.php/Literature/HeraldsOfValdemar,https://tvtropes.org/pmwiki/pmwiki.php/PersonOfMassDestruction/Literature
Hero,/pmwiki/pmwiki.php/Literature/Hero,https://tvtropes.org/pmwiki/pmwiki.php/PersonOfMassDestruction/Literature
Humanx Commonwealth,/pmwiki/pmwiki.php/Literature/HumanxCommonwealth,https://tvtropes.org/pmwiki/pmwiki.php/PersonOfMassDestruction/Literature
The Infected,/pmwiki/pmwiki.php/Literature/TheInfected,https://tvtropes.org/pmwiki/pmwiki.php/PersonOfMassDestruction/Literature
In Fury Born,/pmwiki/pmwiki.php/Literature/InFuryBorn,https://tvtropes.org/pmwiki/pmwiki.php/PersonOfMassDestruction/Literature
Inheritance Cycle,/pmwiki/pmwiki.php/Literature/InheritanceCycle,https://tvtropes.org/pmwiki/pmwiki.php/PersonOfMassDestruction/Literature
Inheritance Trilogy,/pmwiki/pmwiki.php/Literature/InheritanceTrilogy,https://tvtropes.org/pmwiki/pmwiki.php/PersonOfMassDestruction/Literature
Left Behind,/pmwiki/pmwiki.php/Literature/LeftBehind,https://tvtropes.org/pmwiki/pmwiki.php/PersonOfMassDestruction/Literature
His Word alone,/pmwiki/pmwiki.php/Literature/TheBible,https://tvtropes.org/pmwiki/pmwiki.php/PersonOfMassDestruction/Literature
The Locked Tomb,/pmwiki/pmwiki.php/Literature/TheLockedTomb,https://tvtropes.org/pmwiki/pmwiki.php/PersonOfMassDestruction/Literature
Malazan Book of the Fallen,/pmwiki/pmwiki.php/Literature/MalazanBookOfTheFallen,https://tvtropes.org/pmwiki/pmwiki.php/PersonOfMassDestruction/Literature
The Nevernight Chronicles,/pmwiki/pmwiki.php/Literature/TheNevernightChronicles,https://tvtropes.org/pmwiki/pmwiki.php/PersonOfMassDestruction/Literature
Nightside,/pmwiki/pmwiki.php/Literature/Nightside,https://tvtropes.org/pmwiki/pmwiki.php/PersonOfMassDestruction/Literature
Night Watch (Series),/pmwiki/pmwiki.php/Literature/NightWatchSeries,https://tvtropes.org/pmwiki/pmwiki.php/PersonOfMassDestruction/Literature
Nine Goblins,/pmwiki/pmwiki.php/Literature/NineGoblins,https://tvtropes.org/pmwiki/pmwiki.php/PersonOfMassDestruction/Literature
The One Who Eats Monsters,/pmwiki/pmwiki.php/Literature/TheOneWhoEatsMonsters,https://tvtropes.org/pmwiki/pmwiki.php/PersonOfMassDestruction/Literature
Perry Rhodan,/pmwiki/pmwiki.php/Literature/PerryRhodan,https://tvtropes.org/pmwiki/pmwiki.php/PersonOfMassDestruction/Literature
The Power of Five,/pmwiki/pmwiki.php/Literature/ThePowerOfFive,https://tvtropes.org/pmwiki/pmwiki.php/PersonOfMassDestruction/Literature
A Practical Guide to Evil,/pmwiki/pmwiki.php/Literature/APracticalGuideToEvil,https://tvtropes.org/pmwiki/pmwiki.php/PersonOfMassDestruction/Literature
Psy Changeling,/pmwiki/pmwiki.php/Literature/PsyChangeling,https://tvtropes.org/pmwiki/pmwiki.php/PersonOfMassDestruction/Literature
The Reminiscent Exile,/pmwiki/pmwiki.php/Literature/TheReminiscentExile,https://tvtropes.org/pmwiki/pmwiki.php/PersonOfMassDestruction/Literature
Rivers of London,/pmwiki/pmwiki.php/Literature/RiversOfLondon,https://tvtropes.org/pmwiki/pmwiki.php/PersonOfMassDestruction/Literature
The Saga of Recluce,/pmwiki/pmwiki.php/Literature/TheSagaOfRecluce,https://tvtropes.org/pmwiki/pmwiki.php/PersonOfMassDestruction/Literature
Second Apocalypse,/pmwiki/pmwiki.php/Literature/SecondApocalypse,https://tvtropes.org/pmwiki/pmwiki.php/PersonOfMassDestruction/Literature
Shadow of the Conqueror,/pmwiki/pmwiki.php/Literature/ShadowOfTheConqueror,https://tvtropes.org/pmwiki/pmwiki.php/PersonOfMassDestruction/Literature
Shadow Ops,/pmwiki/pmwiki.php/Literature/ShadowOps,https://tvtropes.org/pmwiki/pmwiki.php/PersonOfMassDestruction/Literature
Snow Crash,/pmwiki/pmwiki.php/Literature/SnowCrash,https://tvtropes.org/pmwiki/pmwiki.php/PersonOfMassDestruction/Literature
The Thrawn Trilogy,/pmwiki/pmwiki.php/Literature/TheThrawnTrilogy,https://tvtropes.org/pmwiki/pmwiki.php/PersonOfMassDestruction/Literature
The Traveler's Gate,/pmwiki/pmwiki.php/Literature/TheTravelersGate,https://tvtropes.org/pmwiki/pmwiki.php/PersonOfMassDestruction/Literature
The Wheel of Time,/pmwiki/pmwiki.php/Literature/TheWheelOfTime,https://tvtropes.org/pmwiki/pmwiki.php/PersonOfMassDestruction/Literature
Worm,/pmwiki/pmwiki.php/Literature/Worm,https://tvtropes.org/pmwiki/pmwiki.php/PersonOfMassDestruction/Literature
Ward,/pmwiki/pmwiki.php/Literature/Ward,https://tvtropes.org/pmwiki/pmwiki.php/PersonOfMassDestruction/Literature
,/pmwiki/pmwiki.php/WesternAnimation/MarvelRisingBattleOfTheBands,https://tvtropes.org/pmwiki/pmwiki.php/PersonOfMassDestruction/Literature
Babylon 5,/pmwiki/pmwiki.php/Series/BabylonFive,https://tvtropes.org/pmwiki/pmwiki.php/PersonOfMassDestruction/Literature
Crusade,/pmwiki/pmwiki.php/Series/Crusade,https://tvtropes.org/pmwiki/pmwiki.php/PersonOfMassDestruction/Literature
,/pmwiki/pmwiki.php/Series/TheCapture,https://tvtropes.org/pmwiki/pmwiki.php/PersonOfMassDestruction/LiveActionTV
Babylon 5,/pmwiki/pmwiki.php/Series/BabylonFive,https://tvtropes.org/pmwiki/pmwiki.php/PersonOfMassDestruction/LiveActionTV
Buffy the Vampire Slayer,/pmwiki/pmwiki.php/Series/BuffyTheVampireSlayer,https://tvtropes.org/pmwiki/pmwiki.php/PersonOfMassDestruction/LiveActionTV
Doctor Who,/pmwiki/pmwiki.php/Series/DoctorWho,https://tvtropes.org/pmwiki/pmwiki.php/PersonOfMassDestruction/LiveActionTV
Farscape,/pmwiki/pmwiki.php/Series/Farscape,https://tvtropes.org/pmwiki/pmwiki.php/PersonOfMassDestruction/LiveActionTV
Game of Thrones,/pmwiki/pmwiki.php/Series/GameOfThrones,https://tvtropes.org/pmwiki/pmwiki.php/PersonOfMassDestruction/LiveActionTV
Heroes,/pmwiki/pmwiki.php/Series/Heroes,https://tvtropes.org/pmwiki/pmwiki.php/PersonOfMassDestruction/LiveActionTV
Kamen Rider Kuuga,/pmwiki/pmwiki.php/Series/KamenRiderKuuga,https://tvtropes.org/pmwiki/pmwiki.php/PersonOfMassDestruction/LiveActionTV
Kamen Rider Gaim,/pmwiki/pmwiki.php/Series/KamenRiderGaim,https://tvtropes.org/pmwiki/pmwiki.php/PersonOfMassDestruction/LiveActionTV
WandaVision,/pmwiki/pmwiki.php/Series/WandaVision,https://tvtropes.org/pmwiki/pmwiki.php/PersonOfMassDestruction/LiveActionTV
Agents of S.H.I.E.L.D.,/pmwiki/pmwiki.php/Series/AgentsOfSHIELD,https://tvtropes.org/pmwiki/pmwiki.php/PersonOfMassDestruction/LiveActionTV
Agents of S.H.I.E.L.D.,/pmwiki/pmwiki.php/Series/AgentsOfSHIELD,https://tvtropes.org/pmwiki/pmwiki.php/PersonOfMassDestruction/LiveActionTV
Merlin (2008),/pmwiki/pmwiki.php/Series/Merlin2008,https://tvtropes.org/pmwiki/pmwiki.php/PersonOfMassDestruction/LiveActionTV
Shadow and Bone,/pmwiki/pmwiki.php/Series/ShadowAndBone,https://tvtropes.org/pmwiki/pmwiki.php/PersonOfMassDestruction/LiveActionTV
Smallville,/pmwiki/pmwiki.php/Series/Smallville,https://tvtropes.org/pmwiki/pmwiki.php/PersonOfMassDestruction/LiveActionTV
Star Trek: The Next Generation,/pmwiki/pmwiki.php/Series/StarTrekTheNextGeneration,https://tvtropes.org/pmwiki/pmwiki.php/PersonOfMassDestruction/LiveActionTV
Star Trek: Voyager,/pmwiki/pmwiki.php/Series/StarTrekVoyager,https://tvtropes.org/pmwiki/pmwiki.php/PersonOfMassDestruction/LiveActionTV
Supernatural,/pmwiki/pmwiki.php/Series/Supernatural,https://tvtropes.org/pmwiki/pmwiki.php/PersonOfMassDestruction/LiveActionTV
The Umbrella Academy (2019),/pmwiki/pmwiki.php/Series/TheUmbrellaAcademy2019,https://tvtropes.org/pmwiki/pmwiki.php/PersonOfMassDestruction/LiveActionTV
The Witcher (2019),/pmwiki/pmwiki.php/Series/TheWitcher2019,https://tvtropes.org/pmwiki/pmwiki.php/PersonOfMassDestruction/LiveActionTV
Slayers,/pmwiki/pmwiki.php/Literature/Slayers,https://tvtropes.org/pmwiki/pmwiki.php/PersonOfMassDestruction/TabletopGames
Anathema,/pmwiki/pmwiki.php/TabletopGame/Anathema,https://tvtropes.org/pmwiki/pmwiki.php/PersonOfMassDestruction/TabletopGames
Dungeons & Dragons,/pmwiki/pmwiki.php/TabletopGame/DungeonsAndDragons,https://tvtropes.org/pmwiki/pmwiki.php/PersonOfMassDestruction/TabletopGames
Forgotten Realms,/pmwiki/pmwiki.php/TabletopGame/ForgottenRealms,https://tvtropes.org/pmwiki/pmwiki.php/PersonOfMassDestruction/TabletopGames
Exalted,/pmwiki/pmwiki.php/TabletopGame/Exalted,https://tvtropes.org/pmwiki/pmwiki.php/PersonOfMassDestruction/TabletopGames
Magic: The Gathering,/pmwiki/pmwiki.php/TabletopGame/MagicTheGathering,https://tvtropes.org/pmwiki/pmwiki.php/PersonOfMassDestruction/TabletopGames
Mutants & Masterminds,/pmwiki/pmwiki.php/TabletopGame/MutantsAndMasterminds,https://tvtropes.org/pmwiki/pmwiki.php/PersonOfMassDestruction/TabletopGames
Nobilis,/pmwiki/pmwiki.php/TabletopGame/Nobilis,https://tvtropes.org/pmwiki/pmwiki.php/PersonOfMassDestruction/TabletopGames
Rifts,/pmwiki/pmwiki.php/TabletopGame/Rifts,https://tvtropes.org/pmwiki/pmwiki.php/PersonOfMassDestruction/TabletopGames
Scion,/pmwiki/pmwiki.php/TabletopGame/Scion,https://tvtropes.org/pmwiki/pmwiki.php/PersonOfMassDestruction/TabletopGames
Scythe,/pmwiki/pmwiki.php/TabletopGame/Scythe,https://tvtropes.org/pmwiki/pmwiki.php/PersonOfMassDestruction/TabletopGames
"Warhammer 40,000",/pmwiki/pmwiki.php/TabletopGame/Warhammer40000,https://tvtropes.org/pmwiki/pmwiki.php/PersonOfMassDestruction/TabletopGames
Wild Talents,/pmwiki/pmwiki.php/TabletopGame/WildTalents,https://tvtropes.org/pmwiki/pmwiki.php/PersonOfMassDestruction/TabletopGames
World of Darkness,/pmwiki/pmwiki.php/TabletopGame/WorldOfDarkness,https://tvtropes.org/pmwiki/pmwiki.php/PersonOfMassDestruction/TabletopGames
Mage: The Awakening,/pmwiki/pmwiki.php/TabletopGame/MageTheAwakening,https://tvtropes.org/pmwiki/pmwiki.php/PersonOfMassDestruction/TabletopGames
Mage: The Ascension,/pmwiki/pmwiki.php/TabletopGame/MageTheAscension,https://tvtropes.org/pmwiki/pmwiki.php/PersonOfMassDestruction/TabletopGames
Old World of Darkness,/pmwiki/pmwiki.php/TabletopGame/OldWorldOfDarkness,https://tvtropes.org/pmwiki/pmwiki.php/PersonOfMassDestruction/TabletopGames
New World of Darkness,/pmwiki/pmwiki.php/TabletopGame/NewWorldOfDarkness,https://tvtropes.org/pmwiki/pmwiki.php/PersonOfMassDestruction/TabletopGames
Hunter: The Vigil,/pmwiki/pmwiki.php/TabletopGame/HunterTheVigil,https://tvtropes.org/pmwiki/pmwiki.php/PersonOfMassDestruction/TabletopGames
Mummy: The Curse,/pmwiki/pmwiki.php/TabletopGame/MummyTheCurse,https://tvtropes.org/pmwiki/pmwiki.php/PersonOfMassDestruction/TabletopGames
Alex Mercer,/pmwiki/pmwiki.php/VideoGame/Prototype,https://tvtropes.org/pmwiki/pmwiki.php/PersonOfMassDestruction/TabletopGames
Tetsuo,/pmwiki/pmwiki.php/Manga/Akira,https://tvtropes.org/pmwiki/pmwiki.php/PersonOfMassDestruction/VideoGames
Iron Man,/pmwiki/pmwiki.php/ComicBook/IronMan,https://tvtropes.org/pmwiki/pmwiki.php/PersonOfMassDestruction/VideoGames
,/pmwiki/pmwiki.php/Literature/PhulesCompany,https://tvtropes.org/pmwiki/pmwiki.php/PersonOfMassDestruction/VideoGames
Haruhi,/pmwiki/pmwiki.php/Literature/HaruhiSuzumiya,https://tvtropes.org/pmwiki/pmwiki.php/PersonOfMassDestruction/VideoGames
Alter A.I.L.A.,/pmwiki/pmwiki.php/VideoGame/AlterAILA,https://tvtropes.org/pmwiki/pmwiki.php/PersonOfMassDestruction/VideoGames
Arc the Lad,/pmwiki/pmwiki.php/VideoGame/ArcTheLad,https://tvtropes.org/pmwiki/pmwiki.php/PersonOfMassDestruction/VideoGames
Asura's Wrath,/pmwiki/pmwiki.php/VideoGame/AsurasWrath,https://tvtropes.org/pmwiki/pmwiki.php/PersonOfMassDestruction/VideoGames
Baldur's Gate II,/pmwiki/pmwiki.php/VideoGame/BaldursGateII,https://tvtropes.org/pmwiki/pmwiki.php/PersonOfMassDestruction/VideoGames
Borderlands 2,/pmwiki/pmwiki.php/VideoGame/Borderlands2,https://tvtropes.org/pmwiki/pmwiki.php/PersonOfMassDestruction/VideoGames
Borderlands 2,/pmwiki/pmwiki.php/VideoGame/Borderlands2,https://tvtropes.org/pmwiki/pmwiki.php/PersonOfMassDestruction/VideoGames
Breath of Fire III,/pmwiki/pmwiki.php/VideoGame/BreathOfFireIII,https://tvtropes.org/pmwiki/pmwiki.php/PersonOfMassDestruction/VideoGames
Breath of Fire IV,/pmwiki/pmwiki.php/VideoGame/BreathOfFireIV,https://tvtropes.org/pmwiki/pmwiki.php/PersonOfMassDestruction/VideoGames
City of Heroes,/pmwiki/pmwiki.php/VideoGame/CityOfHeroes,https://tvtropes.org/pmwiki/pmwiki.php/PersonOfMassDestruction/VideoGames
Command & Conquer: Red Alert 3,/pmwiki/pmwiki.php/VideoGame/CommandAndConquerRedAlert3,https://tvtropes.org/pmwiki/pmwiki.php/PersonOfMassDestruction/VideoGames
Crusader,/pmwiki/pmwiki.php/VideoGame/Crusader,https://tvtropes.org/pmwiki/pmwiki.php/PersonOfMassDestruction/VideoGames
Dominions,/pmwiki/pmwiki.php/VideoGame/Dominions,https://tvtropes.org/pmwiki/pmwiki.php/PersonOfMassDestruction/VideoGames
DOOM (2016),/pmwiki/pmwiki.php/VideoGame/Doom2016,https://tvtropes.org/pmwiki/pmwiki.php/PersonOfMassDestruction/VideoGames
Oblivion Crisis,/pmwiki/pmwiki.php/VideoGame/TheElderScrollsIVOblivion,https://tvtropes.org/pmwiki/pmwiki.php/PersonOfMassDestruction/VideoGames
Skyrim,/pmwiki/pmwiki.php/VideoGame/TheElderScrollsVSkyrim,https://tvtropes.org/pmwiki/pmwiki.php/PersonOfMassDestruction/VideoGames
Escape Velocity,/pmwiki/pmwiki.php/VideoGame/EscapeVelocity,https://tvtropes.org/pmwiki/pmwiki.php/PersonOfMassDestruction/VideoGames
Fallout,/pmwiki/pmwiki.php/VideoGame/Fallout,https://tvtropes.org/pmwiki/pmwiki.php/PersonOfMassDestruction/VideoGames
F.E.A.R.,/pmwiki/pmwiki.php/VideoGame/FEAR,https://tvtropes.org/pmwiki/pmwiki.php/PersonOfMassDestruction/VideoGames
Final Fantasy VI,/pmwiki/pmwiki.php/VideoGame/FinalFantasyVI,https://tvtropes.org/pmwiki/pmwiki.php/PersonOfMassDestruction/VideoGames
Final Fantasy VII,/pmwiki/pmwiki.php/VideoGame/FinalFantasyVII,https://tvtropes.org/pmwiki/pmwiki.php/PersonOfMassDestruction/VideoGames
Crisis Core,/pmwiki/pmwiki.php/VideoGame/CrisisCore,https://tvtropes.org/pmwiki/pmwiki.php/PersonOfMassDestruction/VideoGames
Dirge of Cerberus,/pmwiki/pmwiki.php/VideoGame/DirgeOfCerberus,https://tvtropes.org/pmwiki/pmwiki.php/PersonOfMassDestruction/VideoGames
Final Fantasy VIII,/pmwiki/pmwiki.php/VideoGame/FinalFantasyVIII,https://tvtropes.org/pmwiki/pmwiki.php/PersonOfMassDestruction/VideoGames
Final Fantasy IX,/pmwiki/pmwiki.php/VideoGame/FinalFantasyIX,https://tvtropes.org/pmwiki/pmwiki.php/PersonOfMassDestruction/VideoGames
Final Fantasy X,/pmwiki/pmwiki.php/VideoGame/FinalFantasyX,https://tvtropes.org/pmwiki/pmwiki.php/PersonOfMassDestruction/VideoGames
Final Fantasy XII,/pmwiki/pmwiki.php/VideoGame/FinalFantasyXII,https://tvtropes.org/pmwiki/pmwiki.php/PersonOfMassDestruction/VideoGames
Final Fantasy X,/pmwiki/pmwiki.php/VideoGame/FinalFantasyX,https://tvtropes.org/pmwiki/pmwiki.php/PersonOfMassDestruction/VideoGames
Final Fantasy XIII,/pmwiki/pmwiki.php/VideoGame/FinalFantasyXIII,https://tvtropes.org/pmwiki/pmwiki.php/PersonOfMassDestruction/VideoGames
Final Fantasy Type-0,/pmwiki/pmwiki.php/VideoGame/FinalFantasyType0,https://tvtropes.org/pmwiki/pmwiki.php/PersonOfMassDestruction/VideoGames
Final Fantasy XIV,/pmwiki/pmwiki.php/VideoGame/FinalFantasyXIV,https://tvtropes.org/pmwiki/pmwiki.php/PersonOfMassDestruction/VideoGames
Final Fantasy XVI,/pmwiki/pmwiki.php/VideoGame/FinalFantasyXVI,https://tvtropes.org/pmwiki/pmwiki.php/PersonOfMassDestruction/VideoGames
Fire Emblem: Shadow Dragon & the Blade of Light,/pmwiki/pmwiki.php/VideoGame/FireEmblemShadowDragonAndTheBladeOfLight,https://tvtropes.org/pmwiki/pmwiki.php/PersonOfMassDestruction/VideoGames
Mystery of the Emblem,/pmwiki/pmwiki.php/VideoGame/FireEmblemMysteryOfTheEmblem,https://tvtropes.org/pmwiki/pmwiki.php/PersonOfMassDestruction/VideoGames
Freedom Force,/pmwiki/pmwiki.php/VideoGame/FreedomForce,https://tvtropes.org/pmwiki/pmwiki.php/PersonOfMassDestruction/VideoGames
Geneforge,/pmwiki/pmwiki.php/VideoGame/Geneforge,https://tvtropes.org/pmwiki/pmwiki.php/PersonOfMassDestruction/VideoGames
Genshin Impact,/pmwiki/pmwiki.php/VideoGame/GenshinImpact,https://tvtropes.org/pmwiki/pmwiki.php/PersonOfMassDestruction/VideoGames
God of War,/pmwiki/pmwiki.php/VideoGame/GodOfWar,https://tvtropes.org/pmwiki/pmwiki.php/PersonOfMassDestruction/VideoGames
God of War III,/pmwiki/pmwiki.php/VideoGame/GodOfWarIII,https://tvtropes.org/pmwiki/pmwiki.php/PersonOfMassDestruction/VideoGames
Guilty Gear,/pmwiki/pmwiki.php/VideoGame/GuiltyGear,https://tvtropes.org/pmwiki/pmwiki.php/PersonOfMassDestruction/VideoGames
Hitman,/pmwiki/pmwiki.php/VideoGame/Hitman,https://tvtropes.org/pmwiki/pmwiki.php/PersonOfMassDestruction/VideoGames
Jak II: Renegade,/pmwiki/pmwiki.php/VideoGame/JakIIRenegade,https://tvtropes.org/pmwiki/pmwiki.php/PersonOfMassDestruction/VideoGames
Kirby Star Allies,/pmwiki/pmwiki.php/VideoGame/KirbyStarAllies,https://tvtropes.org/pmwiki/pmwiki.php/PersonOfMassDestruction/VideoGames
Kirby: Planet Robobot,/pmwiki/pmwiki.php/VideoGame/KirbyPlanetRobobot,https://tvtropes.org/pmwiki/pmwiki.php/PersonOfMassDestruction/VideoGames
Kirby: Planet Robobot,/pmwiki/pmwiki.php/VideoGame/KirbyPlanetRobobot,https://tvtropes.org/pmwiki/pmwiki.php/PersonOfMassDestruction/VideoGames
Mass Effect 2,/pmwiki/pmwiki.php/VideoGame/MassEffect2,https://tvtropes.org/pmwiki/pmwiki.php/PersonOfMassDestruction/VideoGames
Mass Effect 2,/pmwiki/pmwiki.php/VideoGame/MassEffect2,https://tvtropes.org/pmwiki/pmwiki.php/PersonOfMassDestruction/VideoGames
Mega Man Zero,/pmwiki/pmwiki.php/VideoGame/MegaManZero,https://tvtropes.org/pmwiki/pmwiki.php/PersonOfMassDestruction/VideoGames
Metal Gear Solid 4: Guns of the Patriots,/pmwiki/pmwiki.php/VideoGame/MetalGearSolid4GunsOfThePatriots,https://tvtropes.org/pmwiki/pmwiki.php/PersonOfMassDestruction/VideoGames
Metal Gear Solid V: The Phantom Pain,/pmwiki/pmwiki.php/VideoGame/MetalGearSolidVThePhantomPain,https://tvtropes.org/pmwiki/pmwiki.php/PersonOfMassDestruction/VideoGames
Monster Hunter,/pmwiki/pmwiki.php/VideoGame/MonsterHunter,https://tvtropes.org/pmwiki/pmwiki.php/PersonOfMassDestruction/VideoGames
Monster Hunter: World,/pmwiki/pmwiki.php/VideoGame/MonsterHunterWorld,https://tvtropes.org/pmwiki/pmwiki.php/PersonOfMassDestruction/VideoGames
Neverwinter Nights 2,/pmwiki/pmwiki.php/VideoGame/NeverwinterNights2,https://tvtropes.org/pmwiki/pmwiki.php/PersonOfMassDestruction/VideoGames
[PROTOTYPE],/pmwiki/pmwiki.php/VideoGame/Prototype,https://tvtropes.org/pmwiki/pmwiki.php/PersonOfMassDestruction/VideoGames
James Heller,/pmwiki/pmwiki.php/VideoGame/Prototype2,https://tvtropes.org/pmwiki/pmwiki.php/PersonOfMassDestruction/VideoGames
Saints Row,/pmwiki/pmwiki.php/VideoGame/SaintsRow,https://tvtropes.org/pmwiki/pmwiki.php/PersonOfMassDestruction/VideoGames
Saints Row: The Third,/pmwiki/pmwiki.php/VideoGame/SaintsRowTheThird,https://tvtropes.org/pmwiki/pmwiki.php/PersonOfMassDestruction/VideoGames
Saints Row IV,/pmwiki/pmwiki.php/VideoGame/SaintsRowIV,https://tvtropes.org/pmwiki/pmwiki.php/PersonOfMassDestruction/VideoGames
Gat out of Hell,/pmwiki/pmwiki.php/VideoGame/SaintsRowGatOutOfHell,https://tvtropes.org/pmwiki/pmwiki.php/PersonOfMassDestruction/VideoGames
Sands of Destruction,/pmwiki/pmwiki.php/VideoGame/SandsOfDestruction,https://tvtropes.org/pmwiki/pmwiki.php/PersonOfMassDestruction/VideoGames
The Secret World,/pmwiki/pmwiki.php/VideoGame/TheSecretWorld,https://tvtropes.org/pmwiki/pmwiki.php/PersonOfMassDestruction/VideoGames
Sengoku Basara,/pmwiki/pmwiki.php/VideoGame/SengokuBasara,https://tvtropes.org/pmwiki/pmwiki.php/PersonOfMassDestruction/VideoGames
Skullgirls,/pmwiki/pmwiki.php/VideoGame/Skullgirls,https://tvtropes.org/pmwiki/pmwiki.php/PersonOfMassDestruction/VideoGames
Sonic Battle,/pmwiki/pmwiki.php/VideoGame/SonicBattle,https://tvtropes.org/pmwiki/pmwiki.php/PersonOfMassDestruction/VideoGames
Starcraft,/pmwiki/pmwiki.php/VideoGame/Starcraft,https://tvtropes.org/pmwiki/pmwiki.php/PersonOfMassDestruction/VideoGames
Star Ocean: Till the End of Time,/pmwiki/pmwiki.php/VideoGame/StarOceanTillTheEndOfTime,https://tvtropes.org/pmwiki/pmwiki.php/PersonOfMassDestruction/VideoGames
Knights of the Old Republic II: The Sith Lords,/pmwiki/pmwiki.php/VideoGame/KnightsOfTheOldRepublicIITheSithLords,https://tvtropes.org/pmwiki/pmwiki.php/PersonOfMassDestruction/VideoGames
The Force Unleashed,/pmwiki/pmwiki.php/VideoGame/TheForceUnleashed,https://tvtropes.org/pmwiki/pmwiki.php/PersonOfMassDestruction/VideoGames
Tales Series,/pmwiki/pmwiki.php/VideoGame/TalesSeries,https://tvtropes.org/pmwiki/pmwiki.php/PersonOfMassDestruction/VideoGames
Tales of the Abyss,/pmwiki/pmwiki.php/VideoGame/TalesOfTheAbyss,https://tvtropes.org/pmwiki/pmwiki.php/PersonOfMassDestruction/VideoGames
Tales of Vesperia,/pmwiki/pmwiki.php/VideoGame/TalesOfVesperia,https://tvtropes.org/pmwiki/pmwiki.php/PersonOfMassDestruction/VideoGames
Tera,/pmwiki/pmwiki.php/VideoGame/Tera,https://tvtropes.org/pmwiki/pmwiki.php/PersonOfMassDestruction/VideoGames
Valkyria Chronicles,/pmwiki/pmwiki.php/VideoGame/ValkyriaChronicles,https://tvtropes.org/pmwiki/pmwiki.php/PersonOfMassDestruction/VideoGames
Warcraft,/pmwiki/pmwiki.php/VideoGame/Warcraft,https://tvtropes.org/pmwiki/pmwiki.php/PersonOfMassDestruction/VideoGames
Warcraft III,/pmwiki/pmwiki.php/VideoGame/WarcraftIII,https://tvtropes.org/pmwiki/pmwiki.php/PersonOfMassDestruction/VideoGames
Xenoblade Chronicles 2,/pmwiki/pmwiki.php/VideoGame/XenobladeChronicles2,https://tvtropes.org/pmwiki/pmwiki.php/PersonOfMassDestruction/VideoGames
Xenogears,/pmwiki/pmwiki.php/VideoGame/Xenogears,https://tvtropes.org/pmwiki/pmwiki.php/PersonOfMassDestruction/VideoGames
8-Bit Theater,/pmwiki/pmwiki.php/Webcomic/EightBitTheater,https://tvtropes.org/pmwiki/pmwiki.php/PersonOfMassDestruction/Webcomics
Baskets of Guts,/pmwiki/pmwiki.php/Webcomic/BasketsOfGuts,https://tvtropes.org/pmwiki/pmwiki.php/PersonOfMassDestruction/Webcomics
Erfworld,/pmwiki/pmwiki.php/Webcomic/Erfworld,https://tvtropes.org/pmwiki/pmwiki.php/PersonOfMassDestruction/Webcomics
Fey Winds,/pmwiki/pmwiki.php/Webcomic/FeyWinds,https://tvtropes.org/pmwiki/pmwiki.php/PersonOfMassDestruction/Webcomics
FreakAngels,/pmwiki/pmwiki.php/Webcomic/FreakAngels,https://tvtropes.org/pmwiki/pmwiki.php/PersonOfMassDestruction/Webcomics
Girl Genius,/pmwiki/pmwiki.php/Webcomic/GirlGenius,https://tvtropes.org/pmwiki/pmwiki.php/PersonOfMassDestruction/Webcomics
Homestuck,/pmwiki/pmwiki.php/Webcomic/Homestuck,https://tvtropes.org/pmwiki/pmwiki.php/PersonOfMassDestruction/Webcomics
The Inexplicable Adventures of Bob!,/pmwiki/pmwiki.php/Webcomic/TheInexplicableAdventuresOfBob,https://tvtropes.org/pmwiki/pmwiki.php/PersonOfMassDestruction/Webcomics
Karin-dou 4koma,/pmwiki/pmwiki.php/Webcomic/KarinDou4koma,https://tvtropes.org/pmwiki/pmwiki.php/PersonOfMassDestruction/Webcomics
Kid Radd,/pmwiki/pmwiki.php/Webcomic/KidRadd,https://tvtropes.org/pmwiki/pmwiki.php/PersonOfMassDestruction/Webcomics
Mob Psycho 100,/pmwiki/pmwiki.php/Webcomic/MobPsycho100,https://tvtropes.org/pmwiki/pmwiki.php/PersonOfMassDestruction/Webcomics
One-Punch Man,/pmwiki/pmwiki.php/Webcomic/OnePunchMan,https://tvtropes.org/pmwiki/pmwiki.php/PersonOfMassDestruction/Webcomics
The Order of the Stick,/pmwiki/pmwiki.php/Webcomic/TheOrderOfTheStick,https://tvtropes.org/pmwiki/pmwiki.php/PersonOfMassDestruction/Webcomics
Sluggy Freelance,/pmwiki/pmwiki.php/Webcomic/SluggyFreelance,https://tvtropes.org/pmwiki/pmwiki.php/PersonOfMassDestruction/Webcomics
Tower of God,/pmwiki/pmwiki.php/Webcomic/TowerOfGod,https://tvtropes.org/pmwiki/pmwiki.php/PersonOfMassDestruction/Webcomics
XRS,/pmwiki/pmwiki.php/Webcomic/XRS,https://tvtropes.org/pmwiki/pmwiki.php/PersonOfMassDestruction/Webcomics
,/pmwiki/pmwiki.php/VideoGame/CrashBandicootTheHugeAdventure,https://tvtropes.org/pmwiki/pmwiki.php/PersonOfMassDestruction/Webcomics
,/pmwiki/pmwiki.php/Anime/MysteriaFriends,https://tvtropes.org/pmwiki/pmwiki.php/PersonOfMassDestruction/WesternAnimation
"
                    ",/pmwiki/pmwiki.php/WesternAnimation/WesternAnimation,https://tvtropes.org/pmwiki/pmwiki.php/PersonOfMassDestruction/WesternAnimation
Adventure Time,/pmwiki/pmwiki.php/WesternAnimation/AdventureTime,https://tvtropes.org/pmwiki/pmwiki.php/PersonOfMassDestruction/WesternAnimation
The Amazing World of Gumball,/pmwiki/pmwiki.php/WesternAnimation/TheAmazingWorldOfGumball,https://tvtropes.org/pmwiki/pmwiki.php/PersonOfMassDestruction/WesternAnimation
American Dad!,/pmwiki/pmwiki.php/WesternAnimation/AmericanDad,https://tvtropes.org/pmwiki/pmwiki.php/PersonOfMassDestruction/WesternAnimation
Avatar: The Last Airbender,/pmwiki/pmwiki.php/WesternAnimation/AvatarTheLastAirbender,https://tvtropes.org/pmwiki/pmwiki.php/PersonOfMassDestruction/WesternAnimation
The Legend of Korra,/pmwiki/pmwiki.php/WesternAnimation/TheLegendOfKorra,https://tvtropes.org/pmwiki/pmwiki.php/PersonOfMassDestruction/WesternAnimation
Ben 10: Omniverse,/pmwiki/pmwiki.php/WesternAnimation/Ben10Omniverse,https://tvtropes.org/pmwiki/pmwiki.php/PersonOfMassDestruction/WesternAnimation
Birdman (1967),/pmwiki/pmwiki.php/WesternAnimation/Birdman1967,https://tvtropes.org/pmwiki/pmwiki.php/PersonOfMassDestruction/WesternAnimation
Dexter's Laboratory,/pmwiki/pmwiki.php/WesternAnimation/DextersLaboratory,https://tvtropes.org/pmwiki/pmwiki.php/PersonOfMassDestruction/WesternAnimation
The Fairly OddParents!,/pmwiki/pmwiki.php/WesternAnimation/TheFairlyOddParents,https://tvtropes.org/pmwiki/pmwiki.php/PersonOfMassDestruction/WesternAnimation
Final Space,/pmwiki/pmwiki.php/WesternAnimation/FinalSpace,https://tvtropes.org/pmwiki/pmwiki.php/PersonOfMassDestruction/WesternAnimation
Justice League,/pmwiki/pmwiki.php/WesternAnimation/JusticeLeague,https://tvtropes.org/pmwiki/pmwiki.php/PersonOfMassDestruction/WesternAnimation
Kim Possible,/pmwiki/pmwiki.php/WesternAnimation/KimPossible,https://tvtropes.org/pmwiki/pmwiki.php/PersonOfMassDestruction/WesternAnimation
Legion of Super-Heroes,/pmwiki/pmwiki.php/WesternAnimation/LegionOfSuperHeroes,https://tvtropes.org/pmwiki/pmwiki.php/PersonOfMassDestruction/WesternAnimation
Miraculous Ladybug,/pmwiki/pmwiki.php/WesternAnimation/MiraculousLadybug,https://tvtropes.org/pmwiki/pmwiki.php/PersonOfMassDestruction/WesternAnimation
My Little Pony: Friendship Is Magic,/pmwiki/pmwiki.php/WesternAnimation/MyLittlePonyFriendshipIsMagic,https://tvtropes.org/pmwiki/pmwiki.php/PersonOfMassDestruction/WesternAnimation
My Little Pony: Equestria Girls – Friendship Games,/pmwiki/pmwiki.php/WesternAnimation/MyLittlePonyEquestriaGirlsFriendshipGames,https://tvtropes.org/pmwiki/pmwiki.php/PersonOfMassDestruction/WesternAnimation
Rick and Morty,/pmwiki/pmwiki.php/WesternAnimation/RickAndMorty,https://tvtropes.org/pmwiki/pmwiki.php/PersonOfMassDestruction/WesternAnimation
Les Sisters,/pmwiki/pmwiki.php/WesternAnimation/LesSisters,https://tvtropes.org/pmwiki/pmwiki.php/PersonOfMassDestruction/WesternAnimation
Spliced,/pmwiki/pmwiki.php/WesternAnimation/Spliced,https://tvtropes.org/pmwiki/pmwiki.php/PersonOfMassDestruction/WesternAnimation
SpongeBob SquarePants,/pmwiki/pmwiki.php/WesternAnimation/SpongeBobSquarePants,https://tvtropes.org/pmwiki/pmwiki.php/PersonOfMassDestruction/WesternAnimation
Steven Universe,/pmwiki/pmwiki.php/WesternAnimation/StevenUniverse,https://tvtropes.org/pmwiki/pmwiki.php/PersonOfMassDestruction/WesternAnimation
Steven Universe: Future,/pmwiki/pmwiki.php/WesternAnimation/StevenUniverseFuture,https://tvtropes.org/pmwiki/pmwiki.php/PersonOfMassDestruction/WesternAnimation
Teen Titans,/pmwiki/pmwiki.php/WesternAnimation/TeenTitans,https://tvtropes.org/pmwiki/pmwiki.php/PersonOfMassDestruction/WesternAnimation
Teen Titans Go!,/pmwiki/pmwiki.php/WesternAnimation/TeenTitansGo,https://tvtropes.org/pmwiki/pmwiki.php/PersonOfMassDestruction/WesternAnimation
